SGD,Weight Decay 1e-6,Dropout 0.1
epoch,train_loss,val_loss,train_accuracy,val_accuracy,epoch,train_loss,val_loss,train_accuracy,val_accuracy,epoch,train_loss,val_loss,train_accuracy,val_accuracy
1,2.2989412450790407,2.297706127166748,0.0739,0.069,1,2.3019994592666624,2.3009068965911865,0.07763333333333333,0.0781,1,2.3013710737228394,2.30026912689209,0.08668333333333333,0.0878
2,2.2965784788131716,2.295349597930908,0.10945,0.1081,2,2.2998008871078492,2.2987146377563477,0.08871666666666667,0.0886,2,2.2992583084106446,2.2980263233184814,0.11026666666666667,0.11
3,2.294209694862366,2.292985439300537,0.14558333333333334,0.145,3,2.2975989723205568,2.296516180038452,0.1153,0.1157,3,2.297153797149658,2.2957847118377686,0.1235,0.124
4,2.2918319654464723,2.2906107902526855,0.17203333333333334,0.1725,4,2.295388698577881,2.2943074703216553,0.1468,0.1464,4,2.295142579078674,2.2935447692871094,0.13125,0.1302
5,2.289442458152771,2.2882230281829834,0.19291666666666665,0.1944,5,2.2931648302078247,2.2920827865600586,0.16445,0.1649,5,2.293052453994751,2.291294574737549,0.13751666666666668,0.135
6,2.287038216590881,2.2858188152313232,0.20785,0.2079,6,2.290922455787659,2.2898366451263428,0.1714,0.1728,6,2.290914216041565,2.2890329360961914,0.14226666666666668,0.1411
7,2.284615578651428,2.283395290374756,0.21776666666666666,0.2164,7,2.28865647315979,2.287564516067505,0.17505,0.1752,7,2.2888466453552248,2.286750078201294,0.14625,0.1458
8,2.2821707344055175,2.280947685241699,0.22416666666666665,0.2221,8,2.2863623905181885,2.285261869430542,0.17708333333333334,0.1772,8,2.286699447631836,2.2844464778900146,0.1492,0.1476
9,2.2796995401382447,2.278470754623413,0.2286,0.2263,9,2.2840332221984863,2.282921075820923,0.17881666666666668,0.1793,9,2.2845303583145142,2.2821149826049805,0.15151666666666666,0.1514
10,2.2771960878372193,2.2759578227996826,0.23173333333333335,0.229,10,2.2816637563705444,2.2805376052856445,0.1799,0.181,10,2.28231071472168,2.279752254486084,0.154,0.1542
11,2.2746555376052857,2.2734055519104004,0.23415,0.2324,11,2.279248948097229,2.2781074047088623,0.18076666666666666,0.1812,11,2.28012065410614,2.277348756790161,0.15496666666666667,0.1533
12,2.2720709800720216,2.2708065509796143,0.23621666666666666,0.2344,12,2.2767840147018434,2.275623321533203,0.18173333333333333,0.1824,12,2.2778181219100953,2.274904489517212,0.15503333333333333,0.1551
13,2.269435615539551,2.2681546211242676,0.23771666666666666,0.2359,13,2.2742635297775267,2.2730817794799805,0.18383333333333332,0.1847,13,2.2755526447296144,2.272414207458496,0.15655,0.1559
14,2.2667442321777345,2.2654430866241455,0.24001666666666666,0.2394,14,2.2716828346252442,2.270477771759033,0.18746666666666667,0.1883,14,2.273175415992737,2.269869089126587,0.15866666666666668,0.1579
15,2.263990321159363,2.2626655101776123,0.24266666666666667,0.2418,15,2.269038648605347,2.2678098678588867,0.193,0.1929,15,2.27085470199585,2.2672669887542725,0.16115,0.1601
16,2.261165599822998,2.259814500808716,0.24621666666666667,0.2455,16,2.2663263845443726,2.265072822570801,0.20038333333333333,0.2012,16,2.2683897256851195,2.2646045684814453,0.16421666666666668,0.1652
17,2.2582633829116823,2.2568812370300293,0.25096666666666667,0.2491,17,2.2635432720184325,2.2622642517089844,0.20805,0.2105,17,2.265838146209717,2.261873960494995,0.16763333333333333,0.1694
18,2.2552761936187746,2.2538599967956543,0.25705,0.2543,18,2.2606853294372558,2.2593791484832764,0.21638333333333334,0.2192,18,2.2632149934768675,2.2590670585632324,0.1721,0.1724
19,2.2521962976455687,2.2507426738739014,0.26393333333333335,0.2637,19,2.257748398780823,2.2564120292663574,0.2243,0.2281,19,2.260563406944275,2.256180763244629,0.17683333333333334,0.1735
20,2.249018325805664,2.247523307800293,0.27308333333333334,0.2708,20,2.254725971221924,2.253357410430908,0.23223333333333335,0.2353,20,2.257847318649292,2.2532148361206055,0.18191666666666667,0.1784
21,2.2457349061965943,2.244194507598877,0.28326666666666667,0.2797,21,2.2516123390197755,2.250208616256714,0.23911666666666667,0.2422,21,2.2549163055419923,2.250152349472046,0.18628333333333333,0.1825
22,2.2423386335372926,2.2407491207122803,0.2934833333333333,0.2877,22,2.2484012269973754,2.2469589710235596,0.24653333333333333,0.2494,22,2.2520117950439453,2.246993064880371,0.19163333333333332,0.1895
23,2.2388208723068237,2.237177848815918,0.3040333333333333,0.2975,23,2.245086908340454,2.2436037063598633,0.2527,0.2554,23,2.2491000843048097,2.24373722076416,0.19596666666666668,0.1944
24,2.2351732873916625,2.2334718704223633,0.31455,0.3067,24,2.2416636514663697,2.240135431289673,0.2584166666666667,0.2598,24,2.245990333557129,2.2403738498687744,0.20023333333333335,0.1985
25,2.2313853883743286,2.229621648788452,0.32431666666666664,0.3185,25,2.2381243324279785,2.2365500926971436,0.26353333333333334,0.2652,25,2.2426945543289185,2.2368946075439453,0.20486666666666667,0.2039
26,2.2274481582641603,2.2256171703338623,0.33395,0.3291,26,2.234463324546814,2.232839345932007,0.26993333333333336,0.2707,26,2.239400124549866,2.2332956790924072,0.20876666666666666,0.2085
27,2.223350615501404,2.2214481830596924,0.3435166666666667,0.3376,27,2.230675539970398,2.2289977073669434,0.2754,0.2751,27,2.235862970352173,2.229569911956787,0.21255,0.2111
28,2.2190826177597045,2.217101573944092,0.35313333333333335,0.347,28,2.226754279136658,2.2250192165374756,0.28128333333333333,0.2797,28,2.23241849899292,2.225714683532715,0.21623333333333333,0.2127
29,2.2146325969696044,2.2125675678253174,0.36206666666666665,0.3555,29,2.2226928234100343,2.2208964824676514,0.28731666666666666,0.2848,29,2.2285891580581665,2.22171950340271,0.22021666666666667,0.2153
30,2.2099892568588255,2.2078354358673096,0.36991666666666667,0.3641,30,2.218483638763428,2.216623306274414,0.29288333333333333,0.2917,30,2.2247555255889893,2.2175817489624023,0.2236,0.2193
31,2.205142116546631,2.202894926071167,0.37733333333333335,0.3712,31,2.214119486808777,2.2121922969818115,0.29951666666666665,0.299,31,2.2207965230941773,2.2132949829101562,0.22716666666666666,0.2232
32,2.2000792455673217,2.197732925415039,0.3841333333333333,0.3771,32,2.209592218399048,2.2075939178466797,0.30655,0.3069,32,2.2165505266189576,2.208847761154175,0.23036666666666666,0.226
33,2.194788498878479,2.192337989807129,0.3908333333333333,0.3833,33,2.204892134666443,2.20281982421875,0.3139,0.3141,33,2.2122531604766844,2.2042369842529297,0.23473333333333332,0.2304
34,2.189257502555847,2.186697244644165,0.39671666666666666,0.39,34,2.2000102758407594,2.1978607177734375,0.3215166666666667,0.3216,34,2.2078391551971435,2.199453830718994,0.2387,0.2351
35,2.1834721469879153,2.1807971000671387,0.40195,0.3949,35,2.1949372243881227,2.192707061767578,0.3300166666666667,0.3282,35,2.203175721168518,2.194488286972046,0.2435,0.2394
36,2.1774198961257936,2.1746230125427246,0.4071666666666667,0.3998,36,2.1896634674072266,2.1873481273651123,0.3393333333333333,0.3377,36,2.1982588720321656,2.189329147338867,0.2489,0.2445
37,2.1710857439041136,2.168161630630493,0.41158333333333336,0.4041,37,2.1841784715652466,2.1817727088928223,0.34846666666666665,0.348,37,2.1933275127410887,2.183976411819458,0.25426666666666664,0.25
38,2.1644556283950807,2.16139817237854,0.41506666666666664,0.408,38,2.1784699535369874,2.1759700775146484,0.35735,0.3564,38,2.188132085800171,2.1784133911132812,0.26006666666666667,0.2551
39,2.157515707015991,2.1543188095092773,0.41831666666666667,0.4114,39,2.172527747154236,2.1699283123016357,0.3669,0.3658,39,2.1824316930770875,2.1726207733154297,0.2667333333333333,0.2615
40,2.150251770019531,2.1469078063964844,0.42238333333333333,0.4135,40,2.166340847015381,2.163637399673462,0.3747,0.3759,40,2.1768191862106323,2.1665961742401123,0.2734,0.2673
41,2.1426490640640257,2.139150857925415,0.42568333333333336,0.4171,41,2.159896206855774,2.157083749771118,0.38248333333333334,0.3834,41,2.170897054672241,2.160322666168213,0.28018333333333334,0.276
42,2.1346907472610472,2.1310300827026367,0.42948333333333333,0.4205,42,2.153183088302612,2.150258779525757,0.3910666666666667,0.3921,42,2.1646859788894655,2.153785467147827,0.28813333333333335,0.2831
43,2.1263592433929444,2.1225292682647705,0.43215,0.4246,43,2.146190333366394,2.143148183822632,0.3990666666666667,0.3999,43,2.158221402168274,2.14697527885437,0.29725,0.293
44,2.1176367378234864,2.113628387451172,0.43498333333333333,0.4271,44,2.138904342651367,2.135741710662842,0.4061166666666667,0.4078,44,2.1516375064849855,2.1398799419403076,0.3073,0.3041
45,2.1085024785995485,2.104306936264038,0.4381333333333333,0.4298,45,2.1313147497177125,2.128025531768799,0.4127,0.413,45,2.1445351791381837,2.1324706077575684,0.31933333333333336,0.3142
46,2.098936004638672,2.09454607963562,0.44075,0.432,46,2.123406825065613,2.119985818862915,0.41981666666666667,0.4186,46,2.137290606498718,2.1247434616088867,0.3327,0.3252
47,2.088918170928955,2.084324836730957,0.44366666666666665,0.4352,47,2.115168013572693,2.111609935760498,0.42696666666666666,0.4248,47,2.129507975578308,2.116670608520508,0.34631666666666666,0.339
48,2.078427872657776,2.073625326156616,0.4456833333333333,0.4376,48,2.1065829229354858,2.1028811931610107,0.43285,0.4297,48,2.121693353652954,2.108245372772217,0.3595833333333333,0.3523
49,2.067446913719177,2.062426805496216,0.4482833333333333,0.44,49,2.0976353025436403,2.0937843322753906,0.43838333333333335,0.4354,49,2.1132137966156006,2.0994434356689453,0.37165,0.3632
50,2.0559562969207765,2.050712823867798,0.45098333333333335,0.4416,50,2.0883095407485963,2.084303617477417,0.44401666666666667,0.4416,50,2.1045199060440063,2.0902488231658936,0.3819166666666667,0.3731
51,2.043940963745117,2.0384671688079834,0.45336666666666664,0.4449,51,2.078590040206909,2.074422597885132,0.44961666666666666,0.4469,51,2.095509214401245,2.0806405544281006,0.39075,0.3804
52,2.031381883621216,2.025675058364868,0.45571666666666666,0.4478,52,2.068460340499878,2.0641279220581055,0.4552333333333333,0.4503,52,2.085690951347351,2.07059383392334,0.4003,0.3893
53,2.0182663917541506,2.0123231410980225,0.45768333333333333,0.4498,53,2.057907371520996,2.0534043312072754,0.46031666666666665,0.4532,53,2.0759352397918702,2.060105085372925,0.40821666666666667,0.3976
54,2.004580957889557,1.998399019241333,0.45958333333333334,0.4535,54,2.046917300224304,2.04223895072937,0.46453333333333335,0.4567,54,2.0653757858276367,2.049144983291626,0.41505,0.4043
55,1.9903184652328492,1.9838968515396118,0.46118333333333333,0.4552,55,2.035476679801941,2.0306215286254883,0.46876666666666666,0.4607,55,2.0544115543365478,2.037696361541748,0.42073333333333335,0.41
56,1.9754720139503479,1.9688173532485962,0.46298333333333336,0.4563,56,2.023575167655945,2.018540143966675,0.4717,0.4631,56,2.0431549644470213,2.0257534980773926,0.42555,0.4158
57,1.9600472497940062,1.9531656503677368,0.4642,0.4582,57,2.0112031960487364,2.0059854984283447,0.47485,0.4673,57,2.031132025718689,2.0132975578308105,0.4292,0.4197
58,1.9440537285804749,1.9369564056396484,0.46481666666666666,0.4585,58,1.9983487558364867,1.9929486513137817,0.47785,0.4707,58,2.018694577217102,2.0003204345703125,0.43223333333333336,0.4244
59,1.927506811618805,1.9202072620391846,0.46526666666666666,0.4577,59,1.9850028896331786,1.9794200658798218,0.48073333333333335,0.4724,59,2.0057076621055603,1.9868075847625732,0.4350833333333333,0.428
60,1.9104306101799011,1.9029427766799927,0.4658833333333333,0.4585,60,1.9711601805686951,1.9653935432434082,0.48223333333333335,0.4738,60,1.9922619366645813,1.9727630615234375,0.4375,0.43
61,1.892849497795105,1.885197639465332,0.46568333333333334,0.4588,61,1.9568152451515197,1.9508693218231201,0.48415,0.4753,61,1.9782015252113343,1.9581853151321411,0.43951666666666667,0.4314
62,1.8748085284233094,1.8670170307159424,0.4663833333333333,0.4594,62,1.9419704723358153,1.9358484745025635,0.48573333333333335,0.4755,62,1.9635187125205993,1.9430712461471558,0.44238333333333335,0.4338
63,1.8563468480110168,1.848448634147644,0.4665666666666667,0.4586,63,1.9266272854804993,1.9203380346298218,0.48665,0.4764,63,1.9486239743232727,1.9274462461471558,0.4458,0.4366
64,1.837519681453705,1.8295443058013916,0.4667,0.4592,64,1.9107954025268554,1.9043495655059814,0.4872666666666667,0.4782,64,1.9328985929489135,1.911312460899353,0.44931666666666664,0.4416
65,1.818382921218872,1.8103656768798828,0.46725,0.4606,65,1.8944875621795654,1.887897253036499,0.487,0.4792,65,1.916721019744873,1.8946936130523682,0.4535666666666667,0.4437
66,1.798998863697052,1.790968894958496,0.46815,0.4624,66,1.8777245450019837,1.8710062503814697,0.48695,0.4781,66,1.9002502155303955,1.8776283264160156,0.45765,0.4477
67,1.7794252490997315,1.771419882774353,0.46831666666666666,0.4625,67,1.8605345177650452,1.8537102937698364,0.4862166666666667,0.4768,67,1.8831489992141723,1.86013925075531,0.46241666666666664,0.4527
68,1.7597292828559876,1.7517775297164917,0.4691,0.4633,68,1.8429499578475952,1.8360414505004883,0.4860333333333333,0.4766,68,1.8654517388343812,1.8422784805297852,0.4677,0.4584
69,1.7399677085876464,1.7321105003356934,0.46945,0.4654,69,1.8250080299377442,1.818040370941162,0.48546666666666666,0.4777,69,1.8477493333816528,1.824098825454712,0.47358333333333336,0.4637
70,1.7202063703536987,1.7124699354171753,0.46996666666666664,0.4654,70,1.8067577409744262,1.7997585535049438,0.4853,0.4776,70,1.8295443296432494,1.8056491613388062,0.47905,0.4699
71,1.7004946637153626,1.6929138898849487,0.47145,0.4654,71,1.7882481265068053,1.7812460660934448,0.4857166666666667,0.4777,71,1.8107260489463806,1.7869826555252075,0.4850833333333333,0.4749
72,1.6808929896354676,1.6734952926635742,0.4734833333333333,0.467,72,1.7695291471481323,1.7625535726547241,0.48633333333333334,0.4789,72,1.7927289628982543,1.7681841850280762,0.49125,0.4816
73,1.661446032524109,1.6542564630508423,0.4761666666666667,0.4696,73,1.7506564164161682,1.7437357902526855,0.48686666666666667,0.4809,73,1.7739950323104858,1.7492908239364624,0.4983166666666667,0.4889
74,1.6421989631652831,1.635238528251648,0.47951666666666665,0.4737,74,1.7316843008995055,1.7248519659042358,0.48911666666666664,0.4832,74,1.7549005246162415,1.7303705215454102,0.5057833333333334,0.497
75,1.623192653656006,1.616483449935913,0.48436666666666667,0.4776,75,1.712669439315796,1.7059528827667236,0.4907166666666667,0.4847,75,1.7361353254318237,1.7114908695220947,0.5126,0.5037
76,1.6044557642936708,1.5980168581008911,0.49075,0.4834,76,1.6936633038520812,1.6870884895324707,0.4923666666666667,0.4878,76,1.7171083855628968,1.6926931142807007,0.5194666666666666,0.5099
77,1.5860255217552186,1.5798710584640503,0.4982666666666667,0.4903,77,1.6747125267982483,1.6683012247085571,0.4947666666666667,0.4891,77,1.6983927249908448,1.6740227937698364,0.5273,0.5187
78,1.5679255437850952,1.5620644092559814,0.5058166666666667,0.5,78,1.6558623862266542,1.649646520614624,0.4987333333333333,0.4907,78,1.6797796893119812,1.6555324792861938,0.5355166666666666,0.5262
79,1.5501685905456544,1.5446162223815918,0.5145,0.5082,79,1.6371680903434753,1.6311566829681396,0.5020166666666667,0.4954,79,1.6615444135665893,1.6372642517089844,0.5424,0.5337
80,1.5327801084518433,1.5275365114212036,0.5222333333333333,0.5177,80,1.6186464095115662,1.612876057624817,0.5074666666666666,0.4996,80,1.6430513262748718,1.61924409866333,0.5498166666666666,0.5418
81,1.5157617688179017,1.5108444690704346,0.5300333333333334,0.5267,81,1.6003526473045349,1.5948333740234375,0.5127,0.5056,81,1.6253882765769958,1.601504921913147,0.5575333333333333,0.5498
82,1.499128952026367,1.494539737701416,0.5379,0.5348,82,1.5823166394233703,1.5770554542541504,0.5183666666666666,0.5101,82,1.6077519631385804,1.5840638875961304,0.5658,0.5567
83,1.4828894567489623,1.4786317348480225,0.5464833333333333,0.5394,83,1.5645508217811583,1.5595697164535522,0.52435,0.5162,83,1.5902426028251648,1.5669327974319458,0.573,0.5633
84,1.4670389533042907,1.4631216526031494,0.5530166666666667,0.5465,84,1.5470880961418152,1.5423927307128906,0.5299,0.5231,84,1.573013095855713,1.5501364469528198,0.5790166666666666,0.5696
85,1.451584289073944,1.4480005502700806,0.5585833333333333,0.5509,85,1.5299426817893982,1.5255494117736816,0.53585,0.53,85,1.556951606273651,1.5336921215057373,0.5848166666666667,0.5762
86,1.436523449420929,1.4332706928253174,0.5628,0.554,86,1.5131291699409486,1.5090402364730835,0.5417833333333333,0.5362,86,1.5401863718032838,1.5175837278366089,0.5895,0.5804
87,1.4218458151817321,1.418931007385254,0.56675,0.5576,87,1.4966627883911132,1.492879867553711,0.5478333333333333,0.5415,87,1.524887511730194,1.5018713474273682,0.5935666666666667,0.5847
88,1.4075556993484497,1.4049766063690186,0.5708,0.5619,88,1.4805464029312134,1.4770838022232056,0.5537333333333333,0.5471,88,1.5088210439682006,1.4864909648895264,0.5973,0.5879
89,1.3936458444595337,1.391391396522522,0.5742333333333334,0.5646,89,1.4647936272621154,1.461639404296875,0.5591166666666667,0.5521,89,1.4937050175666808,1.4714725017547607,0.6005666666666667,0.5897
90,1.3801040053367615,1.378170371055603,0.5764,0.5674,90,1.4494038772583009,1.4465738534927368,0.5650833333333334,0.557,90,1.478247950077057,1.456809639930725,0.60275,0.5917
91,1.3669177174568177,1.3653150796890259,0.5792833333333334,0.5704,91,1.4343786668777465,1.4318675994873047,0.5697666666666666,0.5617,91,1.4639406061172486,1.4425183534622192,0.6039833333333333,0.5948
92,1.3540978193283082,1.3528028726577759,0.5817666666666667,0.5726,92,1.419723539352417,1.417520523071289,0.5734666666666667,0.5662,92,1.4494692587852478,1.4285811185836792,0.6058166666666667,0.5963
93,1.3416145253181457,1.3406447172164917,0.5843166666666667,0.5762,93,1.4054285049438477,1.4035452604293823,0.5764666666666667,0.5688,93,1.436351442337036,1.4150079488754272,0.6068166666666667,0.5966
94,1.3294648432731628,1.3288064002990723,0.5869166666666666,0.5778,94,1.3914996576309204,1.3899348974227905,0.5803666666666667,0.5712,94,1.4224904346466065,1.4017809629440308,0.6079333333333333,0.5979
95,1.3176410031318664,1.317269206047058,0.5890333333333333,0.5793,95,1.377919270992279,1.3766783475875854,0.5827333333333333,0.5741,95,1.4096597814559937,1.3888931274414062,0.6083666666666666,0.5988
96,1.3061339735984803,1.3060485124588013,0.5903166666666667,0.5808,96,1.3646947026252747,1.3637611865997314,0.5858666666666666,0.5766,96,1.3966640973091125,1.376332402229309,0.6095,0.6008
97,1.294930465221405,1.2951468229293823,0.5919166666666666,0.5815,97,1.3518074655532837,1.3511884212493896,0.5881666666666666,0.5789,97,1.3842877912521363,1.3641184568405151,0.61045,0.6013
98,1.2840151143074037,1.2845277786254883,0.5941166666666666,0.5846,98,1.3392525696754456,1.3389424085617065,0.5900333333333333,0.5809,98,1.3713488292694092,1.3522101640701294,0.61125,0.6021
99,1.2733807253837586,1.274180293083191,0.5956333333333333,0.5862,99,1.32702321767807,1.3269963264465332,0.5919666666666666,0.5817,99,1.3603856992721557,1.3406094312667847,0.6115,0.6014
100,1.2630230212211608,1.2640880346298218,0.59755,0.5882,100,1.3151083779335022,1.3153883218765259,0.5932666666666667,0.5834,100,1.3492776799201964,1.3293085098266602,0.61205,0.6027
101,1.252930634021759,1.2542668581008911,0.5993333333333334,0.5894,101,1.3034929466247558,1.304055094718933,0.5949666666666666,0.5851,101,1.3375219869613648,1.3182506561279297,0.6125666666666667,0.6038
102,1.2430856561660766,1.2446939945220947,0.6013666666666667,0.5921,102,1.2921791982650757,1.2930132150650024,0.5968833333333333,0.587,102,1.3269003558158874,1.3074805736541748,0.6136166666666667,0.6058
103,1.2334807085990906,1.235348105430603,0.6026666666666667,0.5932,103,1.2811510491371154,1.2822771072387695,0.5986666666666667,0.588,103,1.3155605745315553,1.2969928979873657,0.6143833333333333,0.6063
104,1.2241275715827942,1.2262506484985352,0.6040666666666666,0.5949,104,1.2703921031951904,1.2717986106872559,0.60055,0.5889,104,1.3054499864578246,1.2867532968521118,0.6148666666666667,0.6068
105,1.2149832153320312,1.2173399925231934,0.6054333333333334,0.5959,105,1.259907751083374,1.2615987062454224,0.6025333333333334,0.5904,105,1.2960283851623535,1.2767974138259888,0.61575,0.6067
106,1.2060642838478088,1.2086762189865112,0.6066666666666667,0.5979,106,1.2496734499931335,1.2516205310821533,0.6043,0.5925,106,1.285268051624298,1.267029047012329,0.6171333333333333,0.608
107,1.1973540997505188,1.200202226638794,0.6079166666666667,0.5991,107,1.2396892499923706,1.2418897151947021,0.60515,0.5939,107,1.2753371620178222,1.2574867010116577,0.6182166666666666,0.6093
108,1.188849046230316,1.1919398307800293,0.6095166666666667,0.6011,108,1.2299369049072266,1.232392430305481,0.6059666666666667,0.5959,108,1.265828263759613,1.2481721639633179,0.6191666666666666,0.6113
109,1.1805315256118774,1.1838605403900146,0.61135,0.6033,109,1.2204240131378175,1.223129153251648,0.6080333333333333,0.5966,109,1.2568481612205504,1.2390426397323608,0.6194,0.612
110,1.1724068570137023,1.1759668588638306,0.6129666666666667,0.6049,110,1.21112468957901,1.2140837907791138,0.6086666666666667,0.5978,110,1.2481698393821716,1.230137825012207,0.6210166666666667,0.6141
111,1.164456272125244,1.168261170387268,0.6143,0.6066,111,1.2020385122299195,1.2052409648895264,0.60995,0.5999,111,1.2396186804771423,1.22142493724823,0.6215,0.6147
112,1.1566857266426087,1.1606923341751099,0.6155,0.6069,112,1.1931616258621216,1.1965898275375366,0.6102,0.6011,112,1.2300790429115296,1.212900161743164,0.6222666666666666,0.6155
113,1.1490721440315246,1.1533042192459106,0.6171166666666666,0.6085,113,1.1844894194602966,1.1881808042526245,0.61205,0.6024,113,1.2218000459671021,1.204555869102478,0.6235666666666667,0.6161
114,1.1416335725784301,1.1460814476013184,0.61855,0.609,114,1.1760085391998292,1.1799113750457764,0.61325,0.6034,114,1.2136064314842223,1.1963963508605957,0.6242833333333333,0.617
115,1.1343403697013854,1.1389893293380737,0.6194666666666667,0.6094,115,1.1677220177650451,1.1718485355377197,0.6146833333333334,0.6037,115,1.2047615265846252,1.1883593797683716,0.6248333333333334,0.6181
116,1.1272037625312805,1.1320322751998901,0.6209333333333333,0.6113,116,1.159622416496277,1.163975715637207,0.6162,0.6048,116,1.1966158485412597,1.1804888248443604,0.6260833333333333,0.6192
117,1.120206232070923,1.1252440214157104,0.6223,0.6121,117,1.1516891956329345,1.15628182888031,0.6174833333333334,0.6056,117,1.1897439908981324,1.1728127002716064,0.62725,0.6186
118,1.113355610370636,1.1185880899429321,0.6235333333333334,0.6145,118,1.1439225316047668,1.1487505435943604,0.6186333333333334,0.6064,118,1.1816327786445617,1.1652745008468628,0.62785,0.6195
119,1.1066439437866211,1.1120760440826416,0.6246,0.6139,119,1.1363295435905456,1.1413352489471436,0.6205166666666667,0.6083,119,1.173919928073883,1.1578892469406128,0.6281666666666667,0.6203
120,1.1000665640830993,1.1056594848632812,0.6260833333333333,0.6157,120,1.1288964653015137,1.1340869665145874,0.6217166666666667,0.6089,120,1.1670284485816955,1.1506307125091553,0.62845,0.6191
121,1.0936093854904174,1.0994162559509277,0.62795,0.6186,121,1.121608729362488,1.1270264387130737,0.62335,0.6098,121,1.1589917159080505,1.1435449123382568,0.6290166666666667,0.62
122,1.0872846126556397,1.0932708978652954,0.6296666666666667,0.6194,122,1.1144876527786254,1.120096206665039,0.6241166666666667,0.6113,122,1.1525335264205934,1.1365262269973755,0.6301833333333333,0.6211
123,1.081075870990753,1.0872260332107544,0.6308166666666667,0.6202,123,1.1074923300743102,1.113286018371582,0.62535,0.6118,123,1.146090624332428,1.1297110319137573,0.6316666666666667,0.6227
124,1.074992425441742,1.0813180208206177,0.6311666666666667,0.6215,124,1.1006502604484558,1.1066240072250366,0.6266,0.6133,124,1.1389153122901916,1.1229517459869385,0.6326666666666667,0.6232
125,1.0690271425247193,1.0755103826522827,0.63255,0.6223,125,1.0939373064041138,1.1001085042953491,0.6279666666666667,0.614,125,1.132294044494629,1.1163713932037354,0.6325333333333333,0.6217
126,1.063153567314148,1.0697959661483765,0.6352666666666666,0.6235,126,1.0873635172843934,1.0937355756759644,0.6293166666666666,0.6157,126,1.1251749181747437,1.1099144220352173,0.6325833333333334,0.6217
127,1.0574053359031677,1.064213514328003,0.6358666666666667,0.6238,127,1.0809139609336853,1.0874602794647217,0.6303,0.6164,127,1.1193642139434814,1.1035457849502563,0.6340666666666667,0.6221
128,1.051763153076172,1.0587188005447388,0.6373833333333333,0.6252,128,1.0746022605895995,1.0813342332839966,0.6313,0.6173,128,1.1125091648101806,1.0973236560821533,0.6360833333333333,0.624
129,1.0462174725532531,1.0533488988876343,0.6378333333333334,0.6262,129,1.068405270576477,1.075295090675354,0.6324,0.6188,129,1.1061789870262146,1.0912190675735474,0.6351833333333333,0.6232
130,1.0407702612876892,1.0480568408966064,0.6392666666666666,0.6279,130,1.0623306369781493,1.0693833827972412,0.6333,0.6195,130,1.1003149342536926,1.0851868391036987,0.6368333333333334,0.6238
131,1.035427701473236,1.0429378747940063,0.6401833333333333,0.6293,131,1.0563502192497254,1.0636155605316162,0.6344666666666666,0.6201,131,1.0947771787643432,1.0792498588562012,0.63945,0.6263
132,1.030165650844574,1.0378278493881226,0.6419833333333334,0.6306,132,1.0505185842514038,1.0579259395599365,0.6357,0.6222,132,1.0874356603622437,1.0734585523605347,0.6397666666666667,0.6257
133,1.025016529560089,1.032801628112793,0.6435666666666666,0.6322,133,1.0447604024410249,1.0524011850357056,0.6365833333333333,0.6231,133,1.0824926352500917,1.067765474319458,0.63995,0.6271
134,1.0199348497390748,1.0278466939926147,0.6448166666666667,0.633,134,1.0391364312171936,1.046869158744812,0.6376166666666667,0.6242,134,1.0769559931755066,1.0621405839920044,0.64095,0.6287
135,1.0149437057971955,1.0229955911636353,0.6468833333333334,0.6335,135,1.0336104333400726,1.0414745807647705,0.6389666666666667,0.6258,135,1.0711403632164,1.0566191673278809,0.6409333333333334,0.6279
136,1.010057954788208,1.018254280090332,0.6477333333333334,0.6343,136,1.0281858503818513,1.0362370014190674,0.6408,0.6268,136,1.0655659341812134,1.0512373447418213,0.6426,0.6291
137,1.0052405822277068,1.013610601425171,0.6477333333333334,0.6354,137,1.0228446543216705,1.0310568809509277,0.6411833333333333,0.6268,137,1.0601257729530333,1.0459105968475342,0.6423,0.6302
138,1.0005201232433318,1.0089664459228516,0.6487833333333334,0.6374,138,1.0176223003864289,1.0259432792663574,0.6430166666666667,0.6283,138,1.054457392692566,1.0406785011291504,0.6439,0.6321
139,0.9958610582351685,1.004470705986023,0.6513333333333333,0.6389,139,1.01247976064682,1.020958423614502,0.645,0.6293,139,1.0497926664352417,1.035536527633667,0.6447166666666667,0.6304
140,0.9912729835510254,1.000069260597229,0.6512666666666667,0.6392,140,1.00744855761528,1.016081690788269,0.6453333333333333,0.6299,140,1.0438860440254212,1.0304913520812988,0.6455333333333333,0.6311
141,0.9867843401432037,0.9956771731376648,0.6536,0.6411,141,1.0024851262569427,1.0112848281860352,0.6468666666666667,0.6313,141,1.039485479593277,1.0254908800125122,0.6462333333333333,0.6323
142,0.9823620617389679,0.9913718700408936,0.654,0.6421,142,0.9976087546348572,1.0065299272537231,0.6474166666666666,0.6316,142,1.0334005224704743,1.0206596851348877,0.6468,0.6319
143,0.978011485338211,0.9871852397918701,0.6543666666666667,0.6417,143,0.9928274393081665,1.0019094944000244,0.6485166666666666,0.6327,143,1.0301634657382965,1.0158276557922363,0.6483333333333333,0.6331
144,0.9737213480472565,0.9830308556556702,0.6556333333333333,0.6424,144,0.9881322383880615,0.9973337054252625,0.6497833333333334,0.6333,144,1.025557460784912,1.0111510753631592,0.64825,0.6335
145,0.969519145488739,0.978897750377655,0.6573166666666667,0.6454,145,0.9835059201717377,0.9928761720657349,0.6513666666666666,0.6346,145,1.0196895503997803,1.0065596103668213,0.6493166666666667,0.6346
146,0.9653674530982971,0.9749251008033752,0.6586333333333333,0.6465,146,0.9789747369289398,0.9884809851646423,0.65225,0.636,146,1.0153651213645936,1.0019830465316772,0.6501166666666667,0.6353
147,0.9612915647029877,0.9709400534629822,0.6593,0.647,147,0.9744987678527832,0.9841201901435852,0.6524,0.6357,147,1.0108167839050293,0.9975649118423462,0.6504166666666666,0.6357
148,0.9572746253013611,0.967018187046051,0.6606666666666666,0.6485,148,0.970124260187149,0.9798928499221802,0.6539666666666667,0.6381,148,1.005373649597168,0.9931233525276184,0.6519,0.6369
149,0.9533349478244781,0.9632262587547302,0.6615166666666666,0.65,149,0.9658116030693055,0.9756935834884644,0.6551166666666667,0.6388,149,1.0013106858730316,0.9888354539871216,0.6542333333333333,0.6402
150,0.949431631565094,0.9594627022743225,0.6624333333333333,0.6499,150,0.9615702521800995,0.9715593457221985,0.65655,0.6401,150,0.997207258939743,0.9846357703208923,0.6536666666666666,0.6397
151,0.94562264919281,0.9557192325592041,0.6639,0.6518,151,0.9574010419845581,0.9675687551498413,0.6571833333333333,0.6411,151,0.9928340756893158,0.9804289937019348,0.6556833333333333,0.642
152,0.9418528759479523,0.9521101713180542,0.6645666666666666,0.6528,152,0.9532995462417603,0.9635480642318726,0.6585666666666666,0.6419,152,0.9882807564735413,0.9764384031295776,0.6534833333333333,0.6406
153,0.9381365740299225,0.9484731554985046,0.6661833333333333,0.6539,153,0.949260859489441,0.9596505165100098,0.6597333333333333,0.6435,153,0.9855125296115875,0.9723334908485413,0.6559333333333334,0.6427
154,0.9344936096668244,0.9449944496154785,0.6678666666666667,0.6546,154,0.9452902972698212,0.9558345675468445,0.6602666666666667,0.645,154,0.9799119424819946,0.9682981371879578,0.6581333333333333,0.6443
155,0.9308931446075439,0.9414349794387817,0.6683666666666667,0.6556,155,0.941376119852066,0.9520191550254822,0.6614,0.6459,155,0.9755147099494934,0.9643762707710266,0.6588166666666667,0.6448
156,0.9273488008975983,0.9380043745040894,0.66915,0.6569,156,0.9375271260738373,0.9482385516166687,0.6629,0.6478,156,0.9724973618984223,0.9605473875999451,0.6598666666666667,0.6457
157,0.9238761413097382,0.9346207976341248,0.6702666666666667,0.6583,157,0.9337487018108368,0.9446103572845459,0.6633666666666667,0.648,157,0.9688183856010437,0.9567864537239075,0.6608166666666667,0.6475
158,0.9204154920578003,0.9312872886657715,0.67105,0.657,158,0.9300205266475677,0.9410055875778198,0.6644,0.6483,158,0.9629600822925568,0.952970027923584,0.6610333333333334,0.6472
159,0.9170531189441681,0.9280120134353638,0.6718333333333333,0.6583,159,0.92635094165802,0.9374547004699707,0.6657,0.6495,159,0.9609102475643158,0.949371874332428,0.66175,0.6497
160,0.9137154984474182,0.9248601794242859,0.6721,0.6592,160,0.9227347898483277,0.9339355230331421,0.6665833333333333,0.6502,160,0.9569647490978241,0.9457780122756958,0.6619333333333334,0.65
161,0.9104397463798523,0.9216934442520142,0.6727833333333333,0.6599,161,0.919179015159607,0.9304705262184143,0.6675333333333333,0.6514,161,0.9536448562145233,0.9421968460083008,0.6636166666666666,0.6511
162,0.9072214126586914,0.9184901118278503,0.6746166666666666,0.6605,162,0.9156733584403992,0.9270402193069458,0.6683,0.6528,162,0.9507372832298279,0.938711404800415,0.6644,0.6512
163,0.9040260636806488,0.9154285192489624,0.6757333333333333,0.6625,163,0.9122399938106537,0.9237213730812073,0.6688333333333333,0.6532,163,0.9467723381519317,0.9352381825447083,0.6657,0.6525
164,0.900886207818985,0.9124155044555664,0.67555,0.6622,164,0.9088321805000306,0.9204785227775574,0.6698,0.6537,164,0.9438564002513885,0.931932806968689,0.6659333333333334,0.6539
165,0.8978027856349945,0.909428596496582,0.67635,0.6636,165,0.9054833793640137,0.9172571301460266,0.6708333333333333,0.6555,165,0.9396346402168274,0.9285847544670105,0.6667666666666666,0.6537
166,0.8947563803195954,0.9064028263092041,0.67835,0.6671,166,0.9022078764438629,0.9140304923057556,0.6712,0.656,166,0.9367274153232574,0.9254141449928284,0.6673333333333333,0.6538
167,0.8917273509502411,0.9035947322845459,0.6780333333333334,0.6658,167,0.8989622855186462,0.9108750820159912,0.6723166666666667,0.6578,167,0.9332250380516052,0.9220671057701111,0.6694166666666667,0.6563
168,0.8888010251522064,0.900584876537323,0.6794833333333333,0.6693,168,0.8957713186740875,0.9077960848808289,0.6732833333333333,0.658,168,0.9298085522651672,0.918921947479248,0.669,0.6558
169,0.8858558452129364,0.8978886604309082,0.6792,0.6688,169,0.8926128482818604,0.9048387408256531,0.6739666666666667,0.6587,169,0.9275466871261596,0.9158899188041687,0.6684166666666667,0.6542
170,0.8830089902877808,0.8951085209846497,0.6811166666666667,0.6705,170,0.8895195782184601,0.9018383026123047,0.6756166666666666,0.6595,170,0.9240960597991943,0.9128245115280151,0.6704833333333333,0.6572
171,0.8801597774028778,0.8922837972640991,0.6820833333333334,0.6714,171,0.8864600670337677,0.8987864255905151,0.6758166666666666,0.6609,171,0.9195138549804688,0.9097747206687927,0.671,0.6574
172,0.8773555541038514,0.8896200060844421,0.6815166666666667,0.6701,172,0.8834473085403443,0.8958521485328674,0.6785666666666667,0.6631,172,0.9172315311431884,0.9067052006721497,0.67365,0.6598
173,0.8746059083938599,0.8869619965553284,0.6827833333333333,0.6712,173,0.8804944455623627,0.8930670022964478,0.6782833333333333,0.6613,173,0.9148005723953248,0.9037573337554932,0.6723666666666667,0.6587
174,0.871902266740799,0.8843435645103455,0.6844666666666667,0.6736,174,0.8775699365139008,0.8903361558914185,0.6781166666666667,0.6628,174,0.9102196109294891,0.900898814201355,0.6742,0.6602
175,0.8692282283306122,0.8817275166511536,0.685,0.6741,175,0.8746937072277069,0.887511134147644,0.6793333333333333,0.6628,175,0.909116679430008,0.8981386423110962,0.6731,0.6587
176,0.866583948135376,0.8791314363479614,0.6857,0.6754,176,0.8718561649322509,0.8847445249557495,0.67995,0.6644,176,0.9055047821998596,0.8952407240867615,0.6758166666666666,0.6616
177,0.8639882755279541,0.8765840530395508,0.6864833333333333,0.676,177,0.869053784608841,0.8819820284843445,0.6817,0.6654,177,0.9027497255802155,0.8925219774246216,0.6762333333333334,0.6612
178,0.8614052712917328,0.874154269695282,0.6873666666666667,0.6767,178,0.8662898325920105,0.879282534122467,0.6823666666666667,0.6667,178,0.8996372675895691,0.8897354602813721,0.6776333333333333,0.6629
179,0.8588848674297332,0.8717128038406372,0.6878,0.677,179,0.8635462141036987,0.8766282200813293,0.6839666666666666,0.6695,179,0.8968579375743866,0.8870741128921509,0.6773833333333333,0.6629
180,0.8563624429702759,0.8692594766616821,0.69,0.6796,180,0.8608845150470734,0.8741278052330017,0.6831833333333334,0.6667,180,0.8950892460346221,0.8845367431640625,0.6766166666666666,0.6618
181,0.8539345061779022,0.8668882846832275,0.6896,0.6789,181,0.8582548952102661,0.8715216517448425,0.68385,0.6673,181,0.8916099655628205,0.8819283246994019,0.67875,0.6636
182,0.8514876198768616,0.8645946979522705,0.6899,0.6783,182,0.8556348395347595,0.8690285086631775,0.6842666666666667,0.668,182,0.8886923921108246,0.8793267607688904,0.6784666666666667,0.6639
183,0.8490893161296844,0.8622189164161682,0.6914166666666667,0.6808,183,0.8530666351318359,0.8665321469306946,0.6851166666666667,0.6699,183,0.8872657668590546,0.8767302632331848,0.6817333333333333,0.6673
184,0.8466908288002014,0.8599128127098083,0.6922666666666667,0.6817,184,0.8505134618282318,0.8640449047088623,0.6871166666666667,0.673,184,0.8837589144706726,0.8742888569831848,0.6817833333333333,0.6664
185,0.8443571257591248,0.8576726317405701,0.69225,0.6804,185,0.8480261719226837,0.8616278171539307,0.687,0.6714,185,0.8805256903171539,0.871898353099823,0.6804166666666667,0.6663
186,0.842069730758667,0.855437695980072,0.6929333333333333,0.6817,186,0.8455500340461731,0.85927814245224,0.6871833333333334,0.6715,186,0.8788233435153961,0.8693394660949707,0.6836333333333333,0.67
187,0.8397803032398223,0.8532097935676575,0.6934,0.6818,187,0.8431197798252106,0.8569056391716003,0.6884666666666667,0.6733,187,0.8751723325252533,0.8670712113380432,0.6809333333333333,0.6671
188,0.8375203382968902,0.8510507941246033,0.6941833333333334,0.6823,188,0.8407168233394623,0.8545526266098022,0.6893833333333333,0.6738,188,0.8738682186603546,0.8646023273468018,0.6849833333333334,0.6703
189,0.8352986288070678,0.8488737344741821,0.6954666666666667,0.6847,189,0.8383604109287262,0.8523623943328857,0.6894833333333333,0.674,189,0.8711284804344177,0.8623344898223877,0.6847333333333333,0.6702
190,0.8330932366847992,0.8468092679977417,0.6955333333333333,0.6852,190,0.8360026633739471,0.8500502109527588,0.6905,0.6747,190,0.8702801251411438,0.8600387573242188,0.6847666666666666,0.671
191,0.8309385585784912,0.8446916937828064,0.6974,0.6869,191,0.8337091684341431,0.8478485345840454,0.6910166666666666,0.6752,191,0.8669778478145599,0.8578119277954102,0.6834,0.6707
192,0.8288113498687744,0.8426265716552734,0.6966,0.6849,192,0.8314308393001556,0.8456025123596191,0.69155,0.6768,192,0.864105532169342,0.8555868268013,0.6852666666666667,0.6717
193,0.8266902053356171,0.8405753970146179,0.6973666666666667,0.6869,193,0.8291656923294067,0.8433791995048523,0.69225,0.6771,193,0.8633200991153717,0.8536043167114258,0.6835833333333333,0.6707
194,0.8245977485179901,0.8385331034660339,0.6983333333333334,0.6876,194,0.8269573438167572,0.8413431644439697,0.6929166666666666,0.6785,194,0.8595614361763001,0.851333498954773,0.6863666666666667,0.6722
195,0.8225443100929261,0.8365210890769958,0.7003833333333334,0.6894,195,0.8247676634788513,0.839210033416748,0.6933333333333334,0.6777,195,0.8583866345882416,0.8490891456604004,0.6876833333333333,0.674
196,0.8205023121833801,0.8345656394958496,0.7007666666666666,0.6897,196,0.8225967884063721,0.8372299671173096,0.6931,0.6777,196,0.8548190450668335,0.8470178842544556,0.6869,0.6743
197,0.8185021841526031,0.8325990438461304,0.7014166666666667,0.6914,197,0.8205031871795654,0.8350698351860046,0.6947333333333333,0.6804,197,0.8533470296859741,0.8448880910873413,0.68895,0.6753
198,0.8165150260925294,0.8307568430900574,0.7018333333333333,0.6911,198,0.8183825409412384,0.8330497145652771,0.6952166666666667,0.6799,198,0.8525872004032135,0.8428674936294556,0.6890666666666667,0.6753
199,0.8145454847812652,0.8287501931190491,0.7029166666666666,0.6926,199,0.816307008266449,0.8310430645942688,0.69615,0.6809,199,0.84804860830307,0.8408222794532776,0.6889666666666666,0.6754
200,0.812614586353302,0.8269122838973999,0.7031333333333334,0.6923,200,0.8142338848114014,0.8290696144104004,0.6962333333333334,0.6805,200,0.8476735365390777,0.8389362096786499,0.6890333333333334,0.6754
201,0.8106837856769562,0.8251595497131348,0.7039666666666666,0.6929,201,0.8122287893295288,0.82708340883255,0.6972333333333334,0.6825,201,0.8457224893569947,0.8369166851043701,0.6924,0.6786
202,0.808796763420105,0.8233307600021362,0.7049,0.6944,202,0.810241494178772,0.8251148462295532,0.6979,0.6831,202,0.8428468549251557,0.8350839018821716,0.69095,0.6774
203,0.806898159980774,0.8214269280433655,0.7052333333333334,0.6952,203,0.808253117799759,0.8232351541519165,0.6981833333333334,0.6833,203,0.8406523263454437,0.8331294655799866,0.6917333333333333,0.6791
204,0.8050472807884216,0.8196836709976196,0.7053666666666667,0.6944,204,0.8062995755672455,0.8213071227073669,0.6987833333333333,0.6845,204,0.8395704603195191,0.8311827182769775,0.6929833333333333,0.68
205,0.8032289493083954,0.8179143667221069,0.7070666666666666,0.6965,205,0.8043570625782013,0.8194646239280701,0.6994,0.6849,205,0.8375582790374756,0.8292588591575623,0.6939166666666666,0.6819
206,0.8014056861400605,0.8161041736602783,0.7076666666666667,0.6975,206,0.8024589002132416,0.8176783919334412,0.6997166666666667,0.6858,206,0.8355284118652344,0.8275195360183716,0.6933166666666667,0.681
207,0.7996188890933991,0.8143571615219116,0.7082666666666667,0.6978,207,0.8005820965766907,0.8158802390098572,0.70025,0.6862,207,0.8340217638015747,0.825675904750824,0.693,0.6798
208,0.7978394722938538,0.8126966953277588,0.7079833333333333,0.6974,208,0.7987207245826721,0.8140267729759216,0.7013166666666667,0.6866,208,0.8322600853443146,0.8237886428833008,0.6956,0.6825
209,0.7960952842235565,0.8109636902809143,0.7092166666666667,0.6991,209,0.7968546974658967,0.812371551990509,0.70115,0.687,209,0.8304691410064697,0.8221409916877747,0.6937833333333333,0.6804
210,0.7943444991111756,0.8092390894889832,0.7105166666666667,0.7008,210,0.7950564122200012,0.8106248378753662,0.70245,0.689,210,0.8290042018890381,0.8202993869781494,0.6953333333333334,0.6827
211,0.7926455473899842,0.8075789213180542,0.711,0.7006,211,0.7932682061195373,0.8087825775146484,0.7025833333333333,0.6894,211,0.8263322508335114,0.8185839056968689,0.6964666666666667,0.6836
212,0.7909379959106445,0.8059142231941223,0.7116333333333333,0.7015,212,0.7914906692504883,0.8071230053901672,0.7035,0.6906,212,0.8243807578086852,0.8169211149215698,0.6966166666666667,0.684
213,0.7892175757884979,0.8042557239532471,0.7125166666666667,0.704,213,0.7897424924373627,0.8054171204566956,0.7031166666666666,0.6893,213,0.8223644256591797,0.8151088953018188,0.6971,0.6843
214,0.7875897550582885,0.8026164770126343,0.7128,0.7025,214,0.78798055768013,0.8036498427391052,0.7051333333333333,0.6916,214,0.8205627310276031,0.8135306239128113,0.6978333333333333,0.6858
215,0.7859144616127014,0.8011282086372375,0.7127666666666667,0.7018,215,0.7862728369235993,0.8020658493041992,0.70465,0.6909,215,0.8195209014415741,0.8119017481803894,0.69815,0.6846
216,0.7842798519134522,0.799476683139801,0.7141333333333333,0.703,216,0.7845775246620178,0.8004248738288879,0.70585,0.6931,216,0.8170847606658935,0.8102596402168274,0.6982,0.6855
217,0.7826649713516235,0.7979830503463745,0.71465,0.7037,217,0.7829036569595337,0.7988002896308899,0.7063,0.6939,217,0.8159691309928894,0.8084977269172668,0.6988833333333333,0.6865
218,0.7810262250900268,0.7963862419128418,0.7154333333333334,0.7045,218,0.7812220084667206,0.7971510887145996,0.70705,0.6941,218,0.8134453761577606,0.8069984316825867,0.6987166666666667,0.6865
219,0.779460859298706,0.7949641942977905,0.7154833333333334,0.7038,219,0.7795889759063721,0.7956475615501404,0.70735,0.6941,219,0.8126989579200745,0.8054410815238953,0.6990833333333333,0.6865
220,0.7779335331916809,0.7933499813079834,0.7163333333333334,0.7051,220,0.7779574561119079,0.7940621376037598,0.7074166666666667,0.6941,220,0.8099066114425659,0.8038595914840698,0.69995,0.6891
221,0.7763555562496185,0.791844367980957,0.71755,0.7062,221,0.7763496482372284,0.7925439476966858,0.7077166666666667,0.6949,221,0.8109108340740204,0.8022659420967102,0.7004833333333333,0.6899
222,0.774794442653656,0.7903321981430054,0.71765,0.7065,222,0.7747613537311554,0.7908977270126343,0.7092833333333334,0.6975,222,0.8072172904014587,0.8006876707077026,0.7017666666666666,0.6906
223,0.773271496295929,0.7888895273208618,0.7183333333333334,0.7069,223,0.7731771552562714,0.7894957661628723,0.7092333333333334,0.6972,223,0.8062327826023101,0.7993122935295105,0.7016666666666667,0.6907
224,0.7717532432079315,0.787398099899292,0.7185166666666667,0.7068,224,0.7716229093074799,0.7879628539085388,0.7104833333333334,0.6984,224,0.8045425510406494,0.7978459000587463,0.7016666666666667,0.692
225,0.7702600526809692,0.785893440246582,0.7193333333333334,0.7084,225,0.7700806176662445,0.7864711880683899,0.7104166666666667,0.6983,225,0.8039610648155212,0.7963821887969971,0.70155,0.6906
226,0.76877490401268,0.7844676971435547,0.71995,0.7088,226,0.768589118719101,0.7849986553192139,0.7108166666666667,0.6977,226,0.800927916765213,0.7948472499847412,0.7026,0.6935
227,0.7672923994064331,0.7830355763435364,0.7207,0.7085,227,0.7670562291145324,0.7834925651550293,0.7120166666666666,0.6998,227,0.799317536354065,0.7934029698371887,0.7034333333333334,0.6936
228,0.7658222055435181,0.7817332744598389,0.7215166666666667,0.7097,228,0.7655626440048218,0.7821192741394043,0.7124666666666667,0.7002,228,0.7970025622844696,0.7920290231704712,0.7038166666666666,0.6933
229,0.7643825292587281,0.780215859413147,0.7223333333333334,0.7116,229,0.7640827369689941,0.7807074785232544,0.7136333333333333,0.7028,229,0.7966889774799347,0.7905569076538086,0.7040833333333333,0.6949
230,0.7629319667816162,0.778915524482727,0.7231666666666666,0.7115,230,0.7626413702964783,0.7792335748672485,0.71365,0.7007,230,0.7958404672145843,0.7892564535140991,0.70465,0.6943
231,0.7615229725837708,0.7774497866630554,0.7237166666666667,0.7109,231,0.7611711740493774,0.7779507040977478,0.71385,0.7014,231,0.7953652226924897,0.7877240777015686,0.7068166666666666,0.6965
232,0.7600979959964752,0.7760797739028931,0.7249166666666667,0.7129,232,0.7597296118736268,0.7764886617660522,0.7148166666666667,0.7022,232,0.795276837348938,0.7864162921905518,0.7068166666666666,0.6979
233,0.7587074708938598,0.774774968624115,0.7249333333333333,0.7131,233,0.7582987356185913,0.7751753926277161,0.7154666666666667,0.7032,233,0.7911268174648285,0.7850341200828552,0.70675,0.6975
234,0.7573139190673828,0.7733657956123352,0.7259833333333333,0.7143,234,0.7568920254707336,0.7738025188446045,0.71535,0.7033,234,0.7890838861465455,0.7837153673171997,0.7068166666666666,0.6976
235,0.7559273481369019,0.7720775604248047,0.7268,0.7146,235,0.7554866862297058,0.7723978757858276,0.7163666666666667,0.7038,235,0.7888308608531952,0.7823441028594971,0.7085333333333333,0.6987
236,0.7545582735538483,0.770691990852356,0.72715,0.7147,236,0.7541162025928497,0.7711598873138428,0.7164666666666667,0.7038,236,0.7882023167610168,0.7810581922531128,0.7088666666666666,0.699
237,0.753213495016098,0.7693793177604675,0.7276166666666667,0.7155,237,0.7527486264705658,0.769723117351532,0.71775,0.7054,237,0.7853846073150634,0.7797573804855347,0.7098666666666666,0.6999
238,0.7518345749378205,0.7680728435516357,0.72795,0.7166,238,0.7513978612422944,0.768436074256897,0.7182333333333333,0.7056,238,0.7843288326263428,0.778499960899353,0.7100833333333333,0.701
239,0.7505063855648041,0.7667595148086548,0.7276166666666667,0.7154,239,0.7500548386573791,0.7670745253562927,0.7190666666666666,0.7064,239,0.7839132428169251,0.7772261500358582,0.7099166666666666,0.7009
240,0.7491601228713989,0.7655755877494812,0.7284166666666667,0.7166,240,0.7487017118930817,0.7658740878105164,0.7194333333333334,0.7059,240,0.7816672599315644,0.7758617997169495,0.7112333333333334,0.7022
241,0.7478819465637208,0.7642835974693298,0.7294833333333334,0.7188,241,0.7473741948604584,0.7646664977073669,0.7203833333333334,0.7075,241,0.7813927388191223,0.7745575904846191,0.7116666666666667,0.7025
242,0.7465569770336151,0.7629401087760925,0.72965,0.7184,242,0.7460634171962738,0.7633203864097595,0.7210333333333333,0.7082,242,0.7791274380683899,0.7734148502349854,0.7116833333333333,0.7029
243,0.7452451848983764,0.7616791725158691,0.7306,0.7197,243,0.7447597110271453,0.7620564699172974,0.7217,0.7087,243,0.7793051338195801,0.7723702192306519,0.71195,0.7021
244,0.74395099401474,0.7604207992553711,0.7310333333333333,0.7206,244,0.7434749817848205,0.760817289352417,0.7222333333333333,0.7095,244,0.7776356649398803,0.770972728729248,0.7128833333333333,0.7031
245,0.7426401853561402,0.759208083152771,0.7310166666666666,0.7186,245,0.7421706950664521,0.759553074836731,0.7227833333333333,0.7099,245,0.7743191111087799,0.7697813510894775,0.7124166666666667,0.7022
246,0.7413737845420837,0.7580971717834473,0.7333333333333333,0.7228,246,0.7409146523475647,0.7582629919052124,0.7234666666666667,0.7107,246,0.7731042611598968,0.7685955762863159,0.7134166666666667,0.7033
247,0.740164190530777,0.7566915154457092,0.7324,0.7219,247,0.7396582198143006,0.7570817470550537,0.7244,0.7116,247,0.7734800672531128,0.767288327217102,0.71495,0.7042
248,0.7388851034641266,0.7554892897605896,0.7328166666666667,0.7225,248,0.7383849847316742,0.7560346722602844,0.72355,0.7096,248,0.7724333381652833,0.7662224769592285,0.7145,0.7042
249,0.7376552271842957,0.7543303966522217,0.7341333333333333,0.7238,249,0.7371663987636566,0.7546741962432861,0.7251666666666666,0.7122,249,0.7704631078243256,0.7650757431983948,0.7153666666666667,0.7049
250,0.7364013016223907,0.7531610131263733,0.7345166666666667,0.7243,250,0.7359166586399079,0.7535237073898315,0.7259333333333333,0.7121,250,0.7702406132221222,0.7639687061309814,0.71645,0.7055
251,0.7351784491539002,0.7519614100456238,0.7346,0.7249,251,0.7346858847141265,0.752382755279541,0.72665,0.7126,251,0.7683033668994903,0.7627553939819336,0.7160833333333333,0.7051
252,0.73393190741539,0.7507478594779968,0.7358,0.7251,252,0.7334680879116058,0.7511715292930603,0.7277,0.7141,252,0.7688830387592316,0.7616215348243713,0.7171,0.7056
253,0.7327491331100464,0.7496365904808044,0.7364333333333334,0.7271,253,0.7322909212112427,0.7499995827674866,0.7276166666666667,0.7143,253,0.7652633333206177,0.7604284882545471,0.71715,0.7058
254,0.7315455317497254,0.7484391331672668,0.7367166666666667,0.7271,254,0.7310887730121612,0.7488790154457092,0.7278166666666667,0.7142,254,0.7650761520862579,0.7593607306480408,0.7186833333333333,0.7077
255,0.7303698587417603,0.7472825050354004,0.7369166666666667,0.7282,255,0.7298795485496521,0.7476820349693298,0.7288666666666667,0.7151,255,0.7649572098255157,0.7582473754882812,0.71845,0.7062
256,0.7291597878932953,0.7460693120956421,0.7383666666666666,0.729,256,0.7286979937553406,0.7464874386787415,0.7293833333333334,0.7163,256,0.7632993686199189,0.7571163773536682,0.7186,0.707
257,0.7279756593704224,0.7451046705245972,0.7378666666666667,0.7285,257,0.7275150549411774,0.7453563213348389,0.7299,0.7172,257,0.7608951961994171,0.7559131979942322,0.71995,0.7083
258,0.7268287777900696,0.7438957691192627,0.7382166666666666,0.7292,258,0.726367154121399,0.7442063689231873,0.7308166666666667,0.7179,258,0.7600416398048401,0.7548530697822571,0.7206166666666667,0.7088
259,0.7256576991081238,0.7426961660385132,0.7386833333333334,0.7297,259,0.725216760635376,0.743248462677002,0.73115,0.7174,259,0.7595393884181977,0.7538735270500183,0.72055,0.708
260,0.7245003640651703,0.74156653881073,0.7402333333333333,0.7312,260,0.7240773975849152,0.7420881390571594,0.7323333333333333,0.7191,260,0.7579196107387542,0.7527280449867249,0.7213,0.709
261,0.7233503890037537,0.7404554486274719,0.7408333333333333,0.7315,261,0.7229044544696808,0.7408891320228577,0.7323666666666667,0.7199,261,0.7578887021541596,0.7515900135040283,0.7228,0.7116
262,0.7222043991088867,0.7393423914909363,0.7409833333333333,0.7317,262,0.7217918682098389,0.739808201789856,0.7326666666666667,0.7202,262,0.7561575901508332,0.7506663799285889,0.7234833333333334,0.7113
263,0.7210776853561401,0.7382344603538513,0.7406333333333334,0.7322,263,0.720655859708786,0.7388793230056763,0.7338833333333333,0.7203,263,0.7553653836250305,0.7495166063308716,0.7232666666666666,0.7108
264,0.7199438917636871,0.7373631596565247,0.7414333333333334,0.7327,264,0.7195434737205505,0.7378098964691162,0.7340166666666667,0.7205,264,0.7548091685771943,0.7485461235046387,0.72335,0.7104
265,0.7188146924972534,0.7362377643585205,0.7413833333333333,0.7329,265,0.7184231078624725,0.7366095781326294,0.7350833333333333,0.7229,265,0.7528449606895447,0.7474537491798401,0.72365,0.7112
266,0.7176747786998748,0.7349876761436462,0.7429333333333333,0.734,266,0.7173184871673584,0.73548424243927,0.7354833333333334,0.7224,266,0.7525594186782837,0.746576726436615,0.72415,0.7114
267,0.7165920734405518,0.7339290380477905,0.74295,0.7347,267,0.7162115859985352,0.7344610095024109,0.7358,0.7232,267,0.7507697904109955,0.745419979095459,0.7249166666666667,0.7118
268,0.7155112934112549,0.7328228950500488,0.7434,0.7348,268,0.7151538789272308,0.7334503531455994,0.7365,0.7227,268,0.7498632860183716,0.7443714141845703,0.7252833333333333,0.7124
269,0.7144084966182709,0.7317343354225159,0.7436166666666667,0.7352,269,0.7140496218204498,0.7324638366699219,0.7376166666666667,0.7248,269,0.7491040420532227,0.743552029132843,0.7255,0.7126
270,0.7132870328426361,0.730730414390564,0.7449833333333333,0.736,270,0.7129876053333283,0.7313753366470337,0.7377666666666667,0.7239,270,0.7471051084995269,0.7425165176391602,0.7261833333333333,0.7132
271,0.712201521396637,0.7296945452690125,0.7449666666666667,0.7366,271,0.7119032561779022,0.7303918600082397,0.7379666666666667,0.7238,271,0.7464825546741486,0.7414047122001648,0.7276166666666667,0.7168
272,0.7111526083946228,0.7286583781242371,0.74495,0.7361,272,0.710831573009491,0.7293297648429871,0.73875,0.7255,272,0.7457022559642792,0.7404903173446655,0.7276,0.7152
273,0.7100685131549835,0.7276493906974792,0.7454166666666666,0.7372,273,0.7097753727436066,0.728398323059082,0.73965,0.727,273,0.7451787853240966,0.7396837472915649,0.7282,0.7161
274,0.7089927887916565,0.726714551448822,0.7456,0.7375,274,0.7086709403991699,0.7272247076034546,0.73965,0.7276,274,0.7445077657699585,0.7385269403457642,0.7292333333333333,0.7172
275,0.7079348397254944,0.7256322503089905,0.74615,0.7381,275,0.7076835989952087,0.7262393832206726,0.7409,0.7293,275,0.7431131553649902,0.7375453114509583,0.7302333333333333,0.7187
276,0.7068824541568756,0.7246273159980774,0.7464166666666666,0.7382,276,0.7065927386283875,0.7253584861755371,0.7414,0.729,276,0.7423604857921601,0.7365382313728333,0.7306166666666667,0.7187
277,0.7058122265338898,0.723579466342926,0.7472333333333333,0.7399,277,0.7055810964107514,0.7241911292076111,0.7411833333333333,0.7287,277,0.7404034113883973,0.7355729937553406,0.7311666666666666,0.7196
278,0.704803569316864,0.7225274443626404,0.74805,0.7385,278,0.7045560109615326,0.7232990264892578,0.7426,0.7307,278,0.7398982560634613,0.7346055507659912,0.7316666666666667,0.7192
279,0.7037360095977783,0.7215991020202637,0.7478833333333333,0.7393,279,0.7034994137287139,0.7223754525184631,0.7429166666666667,0.7308,279,0.7389993226528168,0.7337313890457153,0.7321833333333333,0.7205
280,0.7027158951759338,0.7205170392990112,0.74775,0.7387,280,0.7024948167800903,0.7211908102035522,0.7430833333333333,0.7316,280,0.7385143065452575,0.7327864766120911,0.7327833333333333,0.7206
281,0.7016724812984466,0.7195734977722168,0.74885,0.7389,281,0.7014866960048676,0.720204770565033,0.7436,0.732,281,0.7366592979431152,0.7318668961524963,0.7336666666666667,0.7214
282,0.7006326544284821,0.7187027335166931,0.7478333333333333,0.7397,282,0.700473884344101,0.719307541847229,0.7438666666666667,0.7323,282,0.7356449282169342,0.7309494614601135,0.73385,0.7222
283,0.6996188402175904,0.7174330353736877,0.7497833333333334,0.7404,283,0.6994477880001068,0.7184259295463562,0.7451166666666666,0.733,283,0.7355563485622406,0.7298630475997925,0.7357833333333333,0.7229
284,0.6986228060722351,0.7165718674659729,0.74995,0.7402,284,0.6984565675258636,0.7173803448677063,0.7453666666666666,0.7327,284,0.7350522673130035,0.7290833592414856,0.7349666666666667,0.7232
285,0.6975911223888397,0.7154737114906311,0.74985,0.741,285,0.6974609327316285,0.7164464592933655,0.746,0.7343,285,0.7343270063400269,0.7281544804573059,0.7359833333333333,0.7242
286,0.6966001808643341,0.7146381139755249,0.7496166666666667,0.741,286,0.6964659929275513,0.7155001163482666,0.7459666666666667,0.7342,286,0.7318806982040406,0.7272124290466309,0.7362,0.7245
287,0.6956462585926055,0.713580846786499,0.7508,0.7419,287,0.6954766428470611,0.7144617438316345,0.7470333333333333,0.7359,287,0.7322524952888488,0.72624671459198,0.7370666666666666,0.7253
288,0.6946169209480285,0.7126493453979492,0.7504833333333333,0.7423,288,0.6944945704936981,0.7135575413703918,0.7475166666666667,0.7362,288,0.7302015042304992,0.7255696058273315,0.7374833333333334,0.7255
289,0.6936327278614044,0.7117050290107727,0.7518833333333333,0.7429,289,0.6935103952884674,0.7126513719558716,0.7473333333333333,0.735,289,0.7287224519252777,0.7245962023735046,0.7380166666666667,0.7264
290,0.6926352810859681,0.7108440399169922,0.7525833333333334,0.7421,290,0.6925415301322937,0.7116869688034058,0.7485166666666667,0.7376,290,0.7274034798145295,0.7236769795417786,0.7387,0.7269
291,0.691673139333725,0.7099613547325134,0.7532333333333333,0.7432,291,0.6915788233280182,0.7107750773429871,0.7484,0.7357,291,0.7291788613796234,0.7227631211280823,0.7390666666666666,0.727
292,0.6906905591487884,0.7088940143585205,0.7525,0.7435,292,0.6906137573719024,0.7098032832145691,0.74925,0.7378,292,0.7273676025867463,0.7218093276023865,0.7398166666666667,0.7281
293,0.689686074256897,0.7080515027046204,0.7521666666666667,0.7438,293,0.6896948945522309,0.7089642286300659,0.74975,0.7384,293,0.726052678823471,0.7209006547927856,0.7408166666666667,0.7286
294,0.6887713921070099,0.7070533633232117,0.75385,0.7436,294,0.6886841988563538,0.707919180393219,0.7503666666666666,0.7384,294,0.7253028213977813,0.7201772332191467,0.7413666666666666,0.7297
295,0.6878142523765564,0.706078052520752,0.75455,0.7435,295,0.6877531409263611,0.706967830657959,0.7506,0.7384,295,0.7236656987667084,0.7191320657730103,0.7416333333333334,0.7297
296,0.6868576729297637,0.7051498293876648,0.7542166666666666,0.7445,296,0.6868022835254669,0.7062309980392456,0.7515833333333334,0.7389,296,0.7229734647274018,0.7183917760848999,0.7422,0.7307
297,0.6859007406234742,0.7042014002799988,0.7554,0.7448,297,0.6858665871620179,0.7052618265151978,0.75185,0.7395,297,0.7229178833961487,0.7174904346466064,0.7423166666666666,0.7313
298,0.6849486768245697,0.7032959461212158,0.7554833333333333,0.7454,298,0.6849333560466766,0.7043823599815369,0.7525833333333334,0.7407,298,0.7204768717288971,0.7166144847869873,0.7429166666666667,0.7315
299,0.6840170538425445,0.7024639844894409,0.7560666666666667,0.7451,299,0.6839827060699463,0.7033067941665649,0.7526333333333334,0.7418,299,0.7205682349205017,0.7157159447669983,0.7438333333333333,0.7315
300,0.6830840349197388,0.7014735341072083,0.7561666666666667,0.7455,300,0.6830311775207519,0.7025928497314453,0.75335,0.7413,300,0.7193737924098969,0.7150720357894897,0.7440833333333333,0.7327
301,0.6821443819999695,0.700513482093811,0.7563666666666666,0.7464,301,0.6821215212345123,0.7016394734382629,0.7533833333333333,0.7413,301,0.7181871414184571,0.7140800356864929,0.7447166666666667,0.7327
302,0.6811907422542572,0.699661910533905,0.75705,0.7463,302,0.6812307560443878,0.7007386684417725,0.7540333333333333,0.7429,302,0.716965446472168,0.7132138609886169,0.7448166666666667,0.7333
303,0.6802783846855164,0.6987703442573547,0.7576833333333334,0.7476,303,0.6802989482879639,0.7000260949134827,0.7549,0.742,303,0.7144852042198181,0.7123017907142639,0.7457333333333334,0.7337
304,0.6793450045585633,0.6978734731674194,0.7572166666666666,0.7473,304,0.679415225982666,0.6989725828170776,0.7551,0.7434,304,0.7170320081710816,0.7115872502326965,0.74625,0.7341
305,0.678425805568695,0.6971064805984497,0.7578666666666667,0.7479,305,0.6784777951240539,0.6981161832809448,0.7555333333333333,0.744,305,0.716324486732483,0.7107682824134827,0.7464833333333334,0.7345
306,0.6775028920173645,0.6960738301277161,0.75805,0.7479,306,0.6775428450107575,0.6971909999847412,0.7559,0.744,306,0.7149988162517548,0.7099313735961914,0.7469333333333333,0.7356
307,0.6765947067737579,0.6952931880950928,0.7576333333333334,0.7487,307,0.6766682267189026,0.6964142322540283,0.7569166666666667,0.7442,307,0.7137476623058319,0.7090225219726562,0.747,0.7355
308,0.6756879162788391,0.6944921612739563,0.75875,0.7493,308,0.6757690119743347,0.6955031752586365,0.7568,0.7455,308,0.7130167281627655,0.7081961631774902,0.7478166666666667,0.737
309,0.6748057401180267,0.693674623966217,0.7580833333333333,0.7497,309,0.6748560678958893,0.6946384310722351,0.7580666666666667,0.7459,309,0.7119162034988403,0.7073156833648682,0.7480166666666667,0.7381
310,0.6739254927635193,0.6926074624061584,0.75975,0.7503,310,0.6739812803268432,0.6937656998634338,0.7582833333333333,0.7463,310,0.7110594010353088,0.7066018581390381,0.7483666666666666,0.7384
311,0.6730188667774201,0.6918995380401611,0.7595833333333334,0.75,311,0.6730883491039276,0.6928367614746094,0.7578333333333334,0.7466,311,0.7110057926177978,0.7058222889900208,0.7488666666666667,0.7388
312,0.6721516752243042,0.6910262703895569,0.76,0.7509,312,0.6722086870670319,0.6920429468154907,0.7591166666666667,0.7477,312,0.7102872288227081,0.7050292491912842,0.7494666666666666,0.7395
313,0.6712623631954193,0.6900231838226318,0.7604,0.7506,313,0.6713380086421966,0.6912301182746887,0.75945,0.7477,313,0.7096741235256195,0.7042175531387329,0.7503666666666666,0.7395
314,0.6703332948684693,0.6890679001808167,0.76075,0.7519,314,0.670440958738327,0.6905484795570374,0.7601666666666667,0.7477,314,0.7079503798484802,0.7034090161323547,0.75025,0.7413
315,0.669404079914093,0.6886181235313416,0.7611166666666667,0.752,315,0.669594612121582,0.6896522641181946,0.7602666666666666,0.7481,315,0.7078407800197601,0.7026016116142273,0.7505666666666667,0.7416
316,0.6686282861232757,0.6877034902572632,0.7614,0.7528,316,0.6686939764022827,0.6886734962463379,0.7606,0.7495,316,0.7057692646980286,0.7017585635185242,0.7519833333333333,0.7411
317,0.667747665643692,0.6867461800575256,0.7616333333333334,0.7527,317,0.6678420007228851,0.6879989504814148,0.7610666666666667,0.7493,317,0.7042753732204438,0.700943648815155,0.75275,0.7427
318,0.666858286857605,0.685783863067627,0.7628166666666667,0.7533,318,0.6669968676567077,0.6870825886726379,0.7614833333333333,0.7507,318,0.7042583191394806,0.7001830339431763,0.7531333333333333,0.7425
319,0.6660148406028747,0.6849218606948853,0.763,0.754,319,0.6661062502861023,0.6862507462501526,0.76225,0.7516,319,0.70357630610466,0.6993722915649414,0.7532833333333333,0.7433
320,0.6651592838764191,0.6841786503791809,0.7628,0.7535,320,0.6652432692050934,0.6855326890945435,0.7624833333333333,0.7511,320,0.7030458235740662,0.6986223459243774,0.7531,0.7439
321,0.6642987310886384,0.6832908987998962,0.7633666666666666,0.754,321,0.6644250547885895,0.684563398361206,0.7627,0.7513,321,0.7022723293304444,0.6979731321334839,0.7538833333333333,0.7443
322,0.6634349155426026,0.6824434399604797,0.7643,0.7551,322,0.6635439395904541,0.6837111115455627,0.7629,0.7531,322,0.7015835988521576,0.6972231864929199,0.75395,0.7441
323,0.6625695157051087,0.6817535758018494,0.7643833333333333,0.7547,323,0.6626864349842072,0.6830106973648071,0.76335,0.7528,323,0.7000057709217071,0.6963553428649902,0.75495,0.7453
324,0.661743756532669,0.680877685546875,0.7643166666666666,0.7553,324,0.6618743467330933,0.6821430921554565,0.7639833333333333,0.7534,324,0.6987110137939453,0.6955562233924866,0.7553166666666666,0.7455
325,0.660898107290268,0.6802215576171875,0.76465,0.7564,325,0.6610101580619812,0.6812375783920288,0.7644166666666666,0.7549,325,0.7000110101699829,0.6947541832923889,0.7557333333333334,0.7458
326,0.6600785732269288,0.679287314414978,0.7651833333333333,0.7569,326,0.6602143764495849,0.6804958581924438,0.76505,0.755,326,0.6978775489330292,0.6939587593078613,0.7564166666666666,0.7462
327,0.6592180109024048,0.678372859954834,0.7648333333333334,0.7571,327,0.6593460428714752,0.6797938346862793,0.7651833333333333,0.7548,327,0.6989889335632324,0.6931504607200623,0.7567333333333334,0.7462
328,0.6584155404567719,0.6776668429374695,0.7658,0.7576,328,0.6585152852535248,0.6789219379425049,0.7658333333333334,0.7562,328,0.6961162257194519,0.6924006342887878,0.7569666666666667,0.747
329,0.6575595879554749,0.676887035369873,0.7671333333333333,0.758,329,0.657720342874527,0.6781535744667053,0.7665833333333333,0.7565,329,0.6945471739768982,0.6916680335998535,0.7571666666666667,0.7474
330,0.6567709910869598,0.6760011315345764,0.76685,0.7584,330,0.6569102728366851,0.677444338798523,0.76705,0.7568,330,0.695645854473114,0.6909016370773315,0.7575833333333334,0.7478
331,0.6559504425525665,0.6751819849014282,0.7664166666666666,0.7582,331,0.6560455119609833,0.6766613125801086,0.7677166666666667,0.7568,331,0.6932450163364411,0.6900932192802429,0.7582166666666666,0.7486
332,0.655127478837967,0.6744210720062256,0.7666833333333334,0.758,332,0.655267733335495,0.6757578253746033,0.7677333333333334,0.7574,332,0.6921336460113525,0.689460039138794,0.75825,0.7491
333,0.654298083782196,0.6738393306732178,0.7676,0.7592,333,0.6544548416137695,0.674983561038971,0.7676833333333334,0.7571,333,0.6934195792675019,0.688575267791748,0.7588,0.7491
334,0.6535241389274598,0.6730594038963318,0.76785,0.7591,334,0.6536009085178375,0.6742948293685913,0.7677166666666667,0.7563,334,0.6931377124786376,0.6878876090049744,0.75905,0.7489
335,0.652720342874527,0.6722095012664795,0.7677,0.7594,335,0.6528349053859711,0.6733981966972351,0.76885,0.758,335,0.6902247345447541,0.6872259378433228,0.75975,0.7485
336,0.6519213104248047,0.6714473962783813,0.7688833333333334,0.7597,336,0.6520097529888154,0.6727509498596191,0.7689666666666667,0.7582,336,0.6913166320323945,0.686429500579834,0.75935,0.7495
337,0.6510932219028472,0.6707082390785217,0.7688,0.7597,337,0.6512313032150269,0.6719292402267456,0.7702833333333333,0.7586,337,0.6897743344306946,0.685609757900238,0.7600833333333333,0.7499
338,0.6503470015525817,0.6698992252349854,0.7689833333333334,0.7609,338,0.6503906083106995,0.6711090803146362,0.7707,0.7595,338,0.6896055233478546,0.684939980506897,0.7599666666666667,0.7505
339,0.6495195627212524,0.669075608253479,0.7690333333333333,0.7612,339,0.6495965945720673,0.6703119874000549,0.7703333333333333,0.7593,339,0.6881169939041137,0.6842784285545349,0.7607833333333334,0.7504
340,0.6487787735462188,0.6683303713798523,0.7696666666666667,0.7612,340,0.6488269698619843,0.6695451140403748,0.7713333333333333,0.7598,340,0.6864529979228974,0.6834574937820435,0.761,0.7507
341,0.6479425489902496,0.6675682663917542,0.76965,0.7609,341,0.6480309295654297,0.6689231991767883,0.7708833333333334,0.7598,341,0.6861869776248932,0.6826878786087036,0.7615,0.7519
342,0.6471766543388366,0.6669475436210632,0.77055,0.7621,342,0.6472488260269165,0.6681718230247498,0.7724833333333333,0.7609,342,0.686651554107666,0.6820706725120544,0.7620166666666667,0.7516
343,0.6464344990253449,0.6661297082901001,0.77085,0.7615,343,0.6465078282356262,0.6673999428749084,0.7719166666666667,0.7605,343,0.6840904760360718,0.6813479065895081,0.7612166666666667,0.7525
344,0.645623744726181,0.665212094783783,0.7708333333333334,0.7619,344,0.6456918287277221,0.6667262315750122,0.7728333333333334,0.7619,344,0.6836042356491089,0.6805698871612549,0.7626166666666667,0.753
345,0.644877051115036,0.6645280122756958,0.7711,0.7618,345,0.6448928678035736,0.665905237197876,0.7731,0.762,345,0.6834423613548278,0.6798559427261353,0.76295,0.7527
346,0.6441158080101013,0.6638327836990356,0.7715833333333333,0.7624,346,0.6441724300384521,0.665108323097229,0.77335,0.7625,346,0.6829116082191468,0.6791710257530212,0.7631833333333333,0.7541
347,0.6433336079120636,0.663113534450531,0.77215,0.7625,347,0.6434030675888062,0.6644407510757446,0.7735666666666666,0.7629,347,0.6808180725574493,0.6784129738807678,0.7636333333333334,0.7546
348,0.6425959074497223,0.6624957323074341,0.7726,0.764,348,0.6426061010360717,0.6637073755264282,0.7742166666666667,0.7629,348,0.681056205034256,0.6776477694511414,0.7642666666666666,0.755
349,0.6418307173252106,0.6615777015686035,0.77225,0.7627,349,0.6418478119373322,0.6630811095237732,0.7746,0.7637,349,0.6806639730930328,0.6770190596580505,0.76395,0.7555
350,0.6410594999790191,0.6608952879905701,0.7730333333333334,0.7633,350,0.6410924112796783,0.6622986793518066,0.7747833333333334,0.7643,350,0.679921624660492,0.6762793064117432,0.7646333333333334,0.7556
351,0.6403486788272857,0.6602087020874023,0.7734,0.7651,351,0.6403255498409272,0.6614856123924255,0.7747,0.7633,351,0.6800859701633454,0.6757535934448242,0.7648333333333334,0.7559
352,0.6395596301555634,0.6594305634498596,0.7734,0.7646,352,0.6395708882808685,0.660921037197113,0.7756166666666666,0.7651,352,0.6791911244392395,0.6750036478042603,0.7658333333333334,0.7573
353,0.638830384016037,0.6587947010993958,0.7733833333333333,0.7651,353,0.6388104021549225,0.6601914763450623,0.77585,0.7656,353,0.6789537692070007,0.6742294430732727,0.7662666666666667,0.757
354,0.6380874395370484,0.6579900979995728,0.7742333333333333,0.7653,354,0.6380870389938355,0.6594189405441284,0.7763166666666667,0.7652,354,0.6775234794616699,0.6734626889228821,0.76655,0.7578
355,0.6373627781867981,0.6574021577835083,0.7746833333333333,0.7657,355,0.6373379838466644,0.6586827635765076,0.7764833333333333,0.7668,355,0.6768582201004029,0.6727779507637024,0.76665,0.7571
356,0.6366223061084747,0.6566662192344666,0.7752833333333333,0.766,356,0.6365530049800873,0.6582485437393188,0.7762,0.7649,356,0.6765299665927887,0.6720793843269348,0.7672,0.7587
357,0.635887874364853,0.6560070514678955,0.77545,0.7666,357,0.6358582675457001,0.6571741104125977,0.77705,0.7666,357,0.6755160343647003,0.6714701652526855,0.7670833333333333,0.7575
358,0.635139068365097,0.655341625213623,0.7760166666666667,0.7669,358,0.6351082825660705,0.6564613580703735,0.77735,0.7672,358,0.6743006527423858,0.6705784201622009,0.7675,0.7593
359,0.6344513058662414,0.6545449495315552,0.7759833333333334,0.767,359,0.6343505156040191,0.6557610034942627,0.7772666666666667,0.7672,359,0.6727025365829468,0.6699872016906738,0.7679,0.7587
360,0.6337257564067841,0.653916597366333,0.7761833333333333,0.7673,360,0.6336379611492157,0.6550611257553101,0.77815,0.7676,360,0.6734547817707062,0.6692672371864319,0.7686,0.7596
361,0.632968465089798,0.6532085537910461,0.7770833333333333,0.7683,361,0.6329467368125915,0.6543035507202148,0.77825,0.7685,361,0.6716818022727966,0.6687222123146057,0.7684166666666666,0.7599
362,0.6322814679145813,0.6524400115013123,0.7768333333333334,0.7679,362,0.6322060811519623,0.6538026332855225,0.7787666666666667,0.7685,362,0.671604356765747,0.6679859757423401,0.7690666666666667,0.7597
363,0.6315639042854309,0.6518805623054504,0.7772,0.7685,363,0.6314718687534332,0.6529955863952637,0.7794666666666666,0.7686,363,0.6705035483837127,0.6673080325126648,0.7691833333333333,0.7601
364,0.630861656665802,0.651175856590271,0.7777166666666666,0.77,364,0.6307404994964599,0.6523264646530151,0.7795166666666666,0.7688,364,0.6693311524391174,0.6666913628578186,0.7691333333333333,0.7598
365,0.6301264607906342,0.6503809094429016,0.7765,0.7679,365,0.6300383186340333,0.6515495181083679,0.7796833333333333,0.7689,365,0.669086058139801,0.6659166216850281,0.76955,0.7611
366,0.6294647920131683,0.6497031450271606,0.7771666666666667,0.7681,366,0.6293344056606293,0.6509426832199097,0.7801166666666667,0.7703,366,0.6694219040870667,0.6653074026107788,0.7695833333333333,0.761
367,0.6287625050544738,0.6490740776062012,0.77855,0.7698,367,0.6285976731777191,0.6502379775047302,0.7803,0.7704,367,0.6675551652908325,0.6645911335945129,0.7711,0.7607
368,0.6280772387981415,0.6484503149986267,0.7784833333333333,0.7696,368,0.627858875989914,0.6495885848999023,0.7804166666666666,0.7697,368,0.6675838220119477,0.6639748215675354,0.7708,0.7615
369,0.6273713684082032,0.6477699875831604,0.7786833333333333,0.77,369,0.6271708738803864,0.6489713788032532,0.7807666666666667,0.7703,369,0.6672113990783691,0.6633814573287964,0.7712666666666667,0.7619
370,0.6267029559612274,0.6470968127250671,0.7789666666666667,0.7707,370,0.6265103936195373,0.6484684348106384,0.78135,0.7697,370,0.6634075522422791,0.6626956462860107,0.7720833333333333,0.7617
371,0.6260165679454803,0.6465016007423401,0.7790166666666667,0.771,371,0.6258292853832245,0.6477824449539185,0.7813666666666667,0.7696,371,0.6650455713272094,0.6619220972061157,0.7722833333333333,0.7627
372,0.6253004777431488,0.6458086967468262,0.7790333333333334,0.7706,372,0.6250658583641052,0.6470434069633484,0.7817833333333334,0.7714,372,0.665503488779068,0.6613008975982666,0.77225,0.763
373,0.6246160411834717,0.6451249122619629,0.7795833333333333,0.7708,373,0.6244177603721619,0.6462761163711548,0.7819,0.7704,373,0.6639002227783203,0.6606889367103577,0.7731833333333333,0.7636
374,0.6239035499095916,0.6444420218467712,0.7792666666666667,0.7705,374,0.623727434873581,0.6455803513526917,0.7819666666666667,0.7707,374,0.663306325674057,0.6599106192588806,0.7738666666666667,0.7631
375,0.6232422971725464,0.6439169645309448,0.7804833333333333,0.7725,375,0.6230287766456604,0.644956648349762,0.7824666666666666,0.7719,375,0.6622708988189697,0.6593530774116516,0.7734166666666666,0.7637
376,0.6225506615638733,0.6432271599769592,0.7802,0.7709,376,0.6222813403606415,0.6444665789604187,0.7826833333333333,0.771,376,0.6617039072513581,0.6587296724319458,0.7734666666666666,0.7641
377,0.6218924582004547,0.6427918672561646,0.7808833333333334,0.7724,377,0.6216603231430053,0.6435742974281311,0.7828,0.7725,377,0.6623112988471985,0.658039927482605,0.7736,0.7646
378,0.6212411224842072,0.6418461203575134,0.7805166666666666,0.771,378,0.6209903860092163,0.6430625915527344,0.7834,0.7714,378,0.6609726214408874,0.6573381423950195,0.7743333333333333,0.7646
379,0.6206037843227387,0.6412363052368164,0.7814166666666666,0.7724,379,0.6203099822998047,0.6424493193626404,0.7838166666666667,0.7728,379,0.6593204629421234,0.6567308306694031,0.7743833333333333,0.7645
380,0.6199422478675842,0.6406451463699341,0.7823833333333333,0.7733,380,0.61959725856781,0.6418210864067078,0.7841666666666667,0.773,380,0.6593236780166626,0.6560720801353455,0.7750666666666667,0.7652
381,0.6192091345787049,0.6401161551475525,0.7825,0.7733,381,0.618976753950119,0.641192615032196,0.78465,0.7721,381,0.6578635191917419,0.6554168462753296,0.775,0.7648
382,0.6186592006683349,0.639417290687561,0.78215,0.7741,382,0.6182672357559205,0.640617847442627,0.7850333333333334,0.7725,382,0.6590929174423218,0.6548014879226685,0.7756666666666666,0.7652
383,0.6179624617099762,0.6390089392662048,0.7833333333333333,0.7746,383,0.61765043258667,0.6397684216499329,0.7849833333333334,0.7733,383,0.6558293759822845,0.6542640924453735,0.7756,0.7653
384,0.6172910213470459,0.6382905840873718,0.7831333333333333,0.7746,384,0.6169598007202148,0.6390905976295471,0.7851333333333333,0.7732,384,0.6553054440021515,0.6535808444023132,0.776,0.7657
385,0.6166528391838074,0.6375819444656372,0.7828333333333334,0.7755,385,0.6163161444664002,0.6385738849639893,0.78495,0.773,385,0.6555918562412262,0.6530264019966125,0.7760833333333333,0.7661
386,0.6160149478912353,0.6369268298149109,0.7827,0.7751,386,0.6156591618061066,0.6381012797355652,0.7862666666666667,0.7733,386,0.6564305126667023,0.6523683071136475,0.7767666666666667,0.7663
387,0.6153675091266632,0.6365068554878235,0.78315,0.7751,387,0.6149992001056671,0.6373462080955505,0.7860166666666667,0.7747,387,0.6540479576587677,0.6516719460487366,0.7774,0.7665
388,0.614742420911789,0.6357173919677734,0.78415,0.7758,388,0.6143370234966278,0.636854887008667,0.7865166666666666,0.7733,388,0.6529375827312469,0.6510938405990601,0.7769,0.7661
389,0.6141044962406158,0.6352720856666565,0.78465,0.776,389,0.6137145674228668,0.6360680460929871,0.7867666666666666,0.7743,389,0.6527289426326752,0.6504949927330017,0.7779333333333334,0.7668
390,0.6134763753414154,0.6344735026359558,0.7848,0.7761,390,0.6130540299415589,0.6354590058326721,0.7866833333333333,0.7736,390,0.6534104096889496,0.6497969031333923,0.7781333333333333,0.7674
391,0.6128394865989685,0.6338465213775635,0.78505,0.7758,391,0.6123912239074707,0.6350366473197937,0.7875333333333333,0.7746,391,0.6515808892250061,0.649238646030426,0.7784833333333333,0.7678
392,0.6122120285034179,0.6332703828811646,0.7852166666666667,0.7765,392,0.6117586433887482,0.6342307329177856,0.7874,0.7753,392,0.6509514915943145,0.6484724879264832,0.7787333333333334,0.7676
393,0.6115856063365936,0.6327226161956787,0.7855666666666666,0.7767,393,0.6111360895633697,0.6338379979133606,0.7879333333333334,0.7743,393,0.6518644106388092,0.6479309797286987,0.7784166666666666,0.7684
394,0.6109629297256469,0.6321700215339661,0.7857833333333333,0.7769,394,0.6104917657375336,0.6333280205726624,0.78845,0.7763,394,0.6501060330867767,0.647377073764801,0.7791166666666667,0.7687
395,0.6103435707092285,0.6314973831176758,0.7861833333333333,0.7771,395,0.6099039983749389,0.6324161887168884,0.7885,0.7764,395,0.6492788934707642,0.6467546224594116,0.7793333333333333,0.7692
396,0.6097025358676911,0.6310009956359863,0.78645,0.7773,396,0.6092388081550598,0.6318044662475586,0.7887,0.7753,396,0.6481720590591431,0.6463263034820557,0.7793833333333333,0.7694
397,0.6091066884994507,0.6303834915161133,0.7862666666666667,0.7773,397,0.6086083698272705,0.6312762498855591,0.7883333333333333,0.7749,397,0.6490707433223725,0.6455833315849304,0.7792166666666667,0.769
398,0.6084909176826477,0.629722535610199,0.7866,0.7776,398,0.6079772019386291,0.6306579113006592,0.7890166666666667,0.7769,398,0.6488401055335998,0.644888699054718,0.77955,0.7695
399,0.6078916716575623,0.629211962223053,0.7869833333333334,0.7779,399,0.607352979183197,0.6300038695335388,0.7893166666666667,0.7769,399,0.6487814307212829,0.6443917751312256,0.7801166666666667,0.7697
400,0.6072419846057892,0.6286558508872986,0.7871666666666667,0.7781,400,0.6067160522937775,0.629507303237915,0.7893833333333333,0.7764,400,0.6470276594161988,0.6438130140304565,0.7804666666666666,0.7704
401,0.6066176104545593,0.6280105113983154,0.7868333333333334,0.7779,401,0.6061351144313812,0.62882399559021,0.7897333333333333,0.7774,401,0.6464361250400543,0.6431257128715515,0.78055,0.7701
402,0.6060356569290161,0.6274212598800659,0.7876166666666666,0.7787,402,0.6054482007026672,0.6285879611968994,0.7900833333333334,0.7759,402,0.6452800559997559,0.6425830721855164,0.7814833333333333,0.7703
403,0.6054497361183167,0.6268542408943176,0.7876166666666666,0.7788,403,0.6048700273036957,0.6277070045471191,0.79035,0.7777,403,0.643700098991394,0.642067015171051,0.78195,0.7707
404,0.6049071109294891,0.6261972784996033,0.7879,0.779,404,0.6042896604537964,0.6271439790725708,0.7905333333333333,0.7777,404,0.6433787703514099,0.6413788795471191,0.7813666666666667,0.7715
405,0.6042582368850709,0.6256834268569946,0.78825,0.7803,405,0.6036383521556854,0.6266099214553833,0.7911,0.7784,405,0.6424920868873596,0.6408016085624695,0.78235,0.7713
406,0.6037415897846222,0.6251154541969299,0.7884833333333333,0.7799,406,0.6030733013153076,0.6259968876838684,0.7909,0.7782,406,0.6426836240291596,0.6404290199279785,0.7826166666666666,0.7715
407,0.6030735635757446,0.6245241165161133,0.78815,0.7797,407,0.6024609613418579,0.6254116892814636,0.7913166666666667,0.7787,407,0.6426082694530487,0.6397213339805603,0.7825,0.7719
408,0.6025367283821106,0.6240522265434265,0.7888166666666667,0.7801,408,0.6018320310115814,0.624761700630188,0.7912666666666667,0.7785,408,0.6424336040019989,0.6391991972923279,0.7822833333333333,0.772
409,0.6019196891784668,0.623428463935852,0.7891833333333333,0.7808,409,0.6012416446208954,0.6244458556175232,0.7915,0.7782,409,0.6405810153484345,0.6386595368385315,0.78315,0.7724
410,0.6013564550876618,0.6228827834129333,0.7895333333333333,0.7809,410,0.600656225681305,0.6236991286277771,0.79215,0.7794,410,0.6396404683589936,0.6379559636116028,0.7836166666666666,0.7725
411,0.6007867312431335,0.6223517060279846,0.7898333333333334,0.7812,411,0.6000700569152833,0.6232252717018127,0.7925166666666666,0.7793,411,0.6398303711414337,0.6374142169952393,0.7830833333333334,0.7724
412,0.600184315443039,0.6218375563621521,0.7901666666666667,0.7814,412,0.599485788345337,0.6225325465202332,0.7921833333333334,0.7795,412,0.6385493600368499,0.636786699295044,0.78375,0.7727
413,0.5995807063579559,0.6213263273239136,0.7903,0.7813,413,0.5988712549209595,0.6221852898597717,0.7927,0.7789,413,0.6388057816028595,0.6363227367401123,0.7839333333333334,0.7733
414,0.5990496706962586,0.6207743287086487,0.7905,0.7819,414,0.5982950794696807,0.6215382218360901,0.7928333333333333,0.7793,414,0.6383455038070679,0.6356799602508545,0.78395,0.7731
415,0.5984881854057312,0.6201350688934326,0.7908666666666667,0.782,415,0.5977423107624054,0.6209083199501038,0.79335,0.7811,415,0.6373557722568512,0.6351622343063354,0.7846,0.7735
416,0.5978828120231628,0.6197392344474792,0.7912,0.7835,416,0.5971621191501617,0.6204493045806885,0.7934333333333333,0.7802,416,0.6380123960971832,0.6346439123153687,0.7851166666666667,0.7741
417,0.5973284077644349,0.6190270781517029,0.7912333333333333,0.7827,417,0.5965539836883544,0.6199962496757507,0.79385,0.7797,417,0.6363354599475861,0.6341894268989563,0.7849666666666667,0.7739
418,0.5967359864711761,0.618523895740509,0.79095,0.7823,418,0.5959988248348236,0.6194718480110168,0.79355,0.7799,418,0.6357051956653595,0.6334522366523743,0.78505,0.7739
419,0.5962075853347778,0.6180540323257446,0.7923166666666667,0.7831,419,0.5954453301429748,0.6188015341758728,0.7941166666666667,0.7806,419,0.6349906611442566,0.6329256296157837,0.7857333333333333,0.7745
420,0.595674284696579,0.6175345778465271,0.7921333333333334,0.7832,420,0.5948560023307801,0.6183158755302429,0.7944333333333333,0.7809,420,0.6353037858009338,0.6323716044425964,0.7858833333333334,0.7741
421,0.595094244480133,0.6170068383216858,0.7925833333333333,0.7839,421,0.5943026304244995,0.6176772117614746,0.7944833333333333,0.7811,421,0.6350287830829621,0.6318491697311401,0.7862,0.775
422,0.5945450413227081,0.6165065169334412,0.7929166666666667,0.784,422,0.59369309425354,0.6171935200691223,0.79495,0.7819,422,0.6335045194625855,0.6313286423683167,0.7864666666666666,0.7752
423,0.5940087819099427,0.6159214973449707,0.7929666666666667,0.7839,423,0.5931696283817292,0.6166903972625732,0.7949166666666667,0.781,423,0.6319623613357543,0.6308699250221252,0.7861166666666667,0.7751
424,0.5934564530849457,0.6154782176017761,0.7932666666666667,0.7841,424,0.5926088750362396,0.6160862445831299,0.7953333333333333,0.7821,424,0.6327826583385467,0.6302905082702637,0.78635,0.776
425,0.5928860199451447,0.615056037902832,0.7934333333333333,0.7837,425,0.5920500016212463,0.6154636740684509,0.79475,0.7828,425,0.631055029630661,0.62969571352005,0.7868833333333334,0.7766
426,0.592340737581253,0.6145797967910767,0.7944333333333333,0.7856,426,0.59145458817482,0.6150884628295898,0.7954166666666667,0.7829,426,0.6309233248233795,0.6292825937271118,0.78735,0.776
427,0.5918110823631286,0.6138166785240173,0.7938,0.7845,427,0.5909117174148559,0.6145763397216797,0.7961333333333334,0.7829,427,0.6302356600761414,0.6286033987998962,0.7872166666666667,0.7769
428,0.5912531673908233,0.6132778525352478,0.7938,0.7845,428,0.5903930473327637,0.614050030708313,0.7961166666666667,0.7825,428,0.6290056920051574,0.6279962062835693,0.7874333333333333,0.7773
429,0.5907184338569641,0.612756609916687,0.7939666666666667,0.785,429,0.5898708760738373,0.6135602593421936,0.7963166666666667,0.7836,429,0.6302506327629089,0.6275392770767212,0.7873166666666667,0.7769
430,0.5901884424686432,0.6123369932174683,0.7945,0.7857,430,0.5893006002902985,0.6129384636878967,0.7964333333333333,0.7835,430,0.6289366590976715,0.627078652381897,0.7878166666666667,0.7769
431,0.5896620428562165,0.6118429899215698,0.7947,0.7856,431,0.5887826418876648,0.6123904585838318,0.7967,0.7838,431,0.6270200073719024,0.6266049146652222,0.78785,0.7768
432,0.5891614294052124,0.6113751530647278,0.7954,0.7855,432,0.5881965720653534,0.61195969581604,0.7970166666666667,0.7841,432,0.6276073932647706,0.6260198950767517,0.78855,0.7778
433,0.5885589897632599,0.6109005212783813,0.7950833333333334,0.7846,433,0.5876683878898621,0.6113871335983276,0.7968666666666666,0.7844,433,0.6260496211051941,0.6254348158836365,0.7885833333333333,0.7785
434,0.5880695509910584,0.6103065609931946,0.79535,0.7864,434,0.5871035099029541,0.6108540892601013,0.7968,0.7842,434,0.6255077922344208,0.6249631643295288,0.7890333333333334,0.7789
435,0.5875479471683502,0.6099271774291992,0.7956166666666666,0.786,435,0.5865587043762207,0.6104837656021118,0.7973166666666667,0.7844,435,0.6266457343101501,0.6244068741798401,0.7891333333333334,0.7793
436,0.5869883942604065,0.6094294190406799,0.79625,0.7866,436,0.5860119032859802,0.6099121570587158,0.79745,0.785,436,0.6255272388458252,0.6238547563552856,0.7891166666666667,0.7789
437,0.5865253245830536,0.6087677478790283,0.7958166666666666,0.7867,437,0.585515251159668,0.6092956066131592,0.7974,0.7855,437,0.6251981234550477,0.6233879327774048,0.7895333333333333,0.7796
438,0.5859941041469574,0.6083400845527649,0.79595,0.7875,438,0.5849512434005737,0.608974277973175,0.7978166666666666,0.7849,438,0.62444296002388,0.6228710412979126,0.7894666666666666,0.779
439,0.5854521512985229,0.6079321503639221,0.7963833333333333,0.7875,439,0.5844804394245148,0.6084593534469604,0.7984166666666667,0.7853,439,0.6226763105392457,0.6223193407058716,0.7899666666666667,0.7785
440,0.584956316947937,0.6073123216629028,0.7962666666666667,0.7876,440,0.583857923746109,0.6081479787826538,0.7986166666666666,0.7857,440,0.622898086309433,0.6219335198402405,0.79025,0.7795
441,0.5844091176986694,0.6070108413696289,0.7970666666666667,0.7874,441,0.5834168243408203,0.6075025200843811,0.79905,0.7853,441,0.6236257255077362,0.6214115023612976,0.7908,0.7798
442,0.5839342784881592,0.6063569188117981,0.797,0.7887,442,0.5828625941276551,0.60688716173172,0.7988,0.7853,442,0.6236494636535644,0.6207685470581055,0.7904166666666667,0.7795
443,0.5834225738048553,0.605967104434967,0.7973666666666667,0.7888,443,0.5823382246494293,0.6063328385353088,0.7985166666666667,0.786,443,0.6207599782943726,0.6203510165214539,0.7907,0.7793
444,0.5829363489151,0.6054440140724182,0.7974666666666667,0.7885,444,0.5818300020694732,0.6058578491210938,0.7991,0.7862,444,0.6222044324874878,0.6198322772979736,0.7910666666666667,0.7802
445,0.5824340486526489,0.6050996780395508,0.7980166666666667,0.7889,445,0.5813241422176361,0.6054245829582214,0.7993666666666667,0.7854,445,0.6205454063415528,0.6193386316299438,0.7911666666666667,0.7812
446,0.5819310367107391,0.6045815944671631,0.7980666666666667,0.7889,446,0.5808343684673309,0.6049001812934875,0.7995166666666667,0.7862,446,0.6209486019611359,0.6187986135482788,0.7915,0.78
447,0.581418684720993,0.6039825081825256,0.7977333333333333,0.7884,447,0.5802711009979248,0.6045257449150085,0.7997,0.7862,447,0.619189293384552,0.6183249950408936,0.7917166666666666,0.7804
448,0.580902270078659,0.6035851836204529,0.7982166666666667,0.7889,448,0.579768351316452,0.6042090058326721,0.8001,0.7868,448,0.6196581244468689,0.6178305149078369,0.7917166666666666,0.7812
449,0.5804045486450196,0.603026807308197,0.7983666666666667,0.7896,449,0.579289835691452,0.6036912202835083,0.8002333333333334,0.7862,449,0.619725170135498,0.6174774169921875,0.7923333333333333,0.7814
450,0.5799524080753327,0.6026221513748169,0.7985166666666667,0.7895,450,0.5787411808967591,0.6029374599456787,0.8000666666666667,0.7864,450,0.6174632275104522,0.616936981678009,0.7921833333333334,0.7818
451,0.5794506895542145,0.6021433472633362,0.799,0.7889,451,0.5782855498790741,0.6025813221931458,0.8004666666666667,0.7871,451,0.6172225987911224,0.6164782047271729,0.7923666666666667,0.7809
452,0.5789208209514618,0.6017579436302185,0.79915,0.7895,452,0.5777758073806762,0.6020274758338928,0.8005333333333333,0.7871,452,0.6182528734207153,0.6158825755119324,0.79245,0.7819
453,0.578467025756836,0.6012114882469177,0.7992,0.7898,453,0.5772635126113892,0.6016339659690857,0.8007,0.7877,453,0.6159887778759002,0.6153621673583984,0.7927666666666666,0.7824
454,0.5779723131656647,0.6007927060127258,0.7994333333333333,0.79,454,0.5767722141742706,0.60118168592453,0.80105,0.7873,454,0.616097913980484,0.6148726344108582,0.7930833333333334,0.7823
455,0.5774952149391175,0.600379467010498,0.79975,0.7903,455,0.5762614774703979,0.6007803082466125,0.8010166666666667,0.7877,455,0.6160008692741394,0.6145613193511963,0.7933333333333333,0.7818
456,0.5770089900493622,0.6000410914421082,0.80035,0.791,456,0.5757736039161682,0.6002401113510132,0.8012833333333333,0.7878,456,0.6152194905281066,0.614059329032898,0.7936833333333333,0.7832
457,0.5765613377094269,0.5993251204490662,0.7999666666666667,0.7916,457,0.5752593064308167,0.5997313261032104,0.8011666666666667,0.788,457,0.614665424823761,0.6134636402130127,0.7935,0.7826
458,0.5760555398464203,0.5989489555358887,0.80025,0.791,458,0.5747988641262054,0.5994150638580322,0.80115,0.7872,458,0.6143760740756988,0.6130602359771729,0.7940666666666667,0.7829
459,0.5755791318416595,0.5985746383666992,0.8006333333333333,0.791,459,0.5743280553817749,0.5988290309906006,0.8014,0.7884,459,0.6126231753826141,0.6125321388244629,0.7944666666666667,0.783
460,0.5750793373584747,0.5980702042579651,0.8005166666666667,0.7912,460,0.5738418698310852,0.5983231067657471,0.8019333333333334,0.7882,460,0.6134424543380738,0.6121270656585693,0.7947333333333333,0.7827
461,0.5746288168430328,0.5976104736328125,0.8007,0.7913,461,0.5733450388908387,0.5980697870254517,0.8022666666666667,0.7897,461,0.6124838125705719,0.6116281747817993,0.7945666666666666,0.7835
462,0.5741658461093903,0.5971948504447937,0.8006833333333333,0.7915,462,0.5728260266780854,0.5977490544319153,0.8024166666666667,0.7884,462,0.6128267562389373,0.6112114787101746,0.7949833333333334,0.7844
463,0.5736886084079742,0.5967943072319031,0.8010666666666667,0.7917,463,0.5723679256439209,0.5970888733863831,0.8022,0.7895,463,0.6108437204360961,0.610708475112915,0.79535,0.7837
464,0.5732443988323211,0.5963137745857239,0.8014333333333333,0.7923,464,0.5718887233734131,0.5966874361038208,0.8029166666666666,0.7901,464,0.6116534721851349,0.6102505922317505,0.7951666666666667,0.7848
465,0.5727258324623108,0.595677375793457,0.8013166666666667,0.7921,465,0.5714339005947113,0.5961995124816895,0.8026333333333333,0.7897,465,0.6107084059715271,0.6097555160522461,0.7950333333333334,0.7844
466,0.5722968029975891,0.5954169034957886,0.8017833333333333,0.7926,466,0.5709353065490723,0.5958428978919983,0.8031166666666667,0.7895,466,0.6113815379142761,0.6093665957450867,0.7954666666666667,0.7849
467,0.5718131148815155,0.5949553847312927,0.8017333333333333,0.7927,467,0.5704602313041687,0.5952131152153015,0.8030666666666667,0.7898,467,0.6106955671310424,0.6088556051254272,0.7955333333333333,0.7852
468,0.5713733637332916,0.5944421291351318,0.80215,0.7933,468,0.5700351202487945,0.594854474067688,0.8032666666666667,0.7897,468,0.6090525960922242,0.608421802520752,0.7956833333333333,0.7856
469,0.5708882594108582,0.5941097140312195,0.8024333333333333,0.7929,469,0.5695646345615387,0.5944796800613403,0.8039,0.7903,469,0.6092239189147949,0.6079996824264526,0.7958166666666666,0.7853
470,0.5704848349094391,0.5937405824661255,0.8025833333333333,0.793,470,0.5690425896644592,0.5938621163368225,0.8038833333333333,0.7904,470,0.6085586929321289,0.6074841618537903,0.7965666666666666,0.7852
471,0.5699766826629639,0.5932700037956238,0.8027166666666666,0.7931,471,0.5686382031440735,0.5935429930686951,0.8042833333333334,0.7906,471,0.6076760065555572,0.6070840954780579,0.7968833333333334,0.7849
472,0.5695399904251098,0.5929818749427795,0.80275,0.7931,472,0.5681244516372681,0.5932440757751465,0.80435,0.7905,472,0.6064518737792969,0.6066493391990662,0.79695,0.7849
473,0.5690539836883545,0.5922948718070984,0.8030166666666667,0.7938,473,0.5676870083808899,0.5925607681274414,0.8043166666666667,0.7907,473,0.6069748497009277,0.6061067581176758,0.79695,0.7855
474,0.5686279809474946,0.5921062231063843,0.8036666666666666,0.7937,474,0.5671233522891999,0.5921596884727478,0.8044333333333333,0.7907,474,0.6067573273181915,0.6056689023971558,0.79705,0.7852
475,0.5681749999523162,0.5914853811264038,0.8036666666666666,0.7937,475,0.5667754471302032,0.5917431712150574,0.80465,0.7916,475,0.6071198034286499,0.6051980257034302,0.7970666666666667,0.7857
476,0.5677615904808044,0.5910816192626953,0.8036833333333333,0.7938,476,0.5662961041927338,0.5912867784500122,0.80485,0.7911,476,0.6060695374011993,0.6048174500465393,0.79735,0.7863
477,0.5672722887992859,0.5907131433486938,0.8038,0.794,477,0.565840768814087,0.5908774137496948,0.8048,0.7909,477,0.6057269752025605,0.6044086217880249,0.7977833333333333,0.7857
478,0.5668616080284119,0.5901941657066345,0.8035166666666667,0.7946,478,0.5653514885902404,0.5906713604927063,0.8051,0.791,478,0.6042560088634491,0.6040241718292236,0.7979333333333334,0.7865
479,0.566403575539589,0.5899356007575989,0.8041666666666667,0.794,479,0.5649375092983245,0.5900250673294067,0.8053333333333333,0.7914,479,0.6039564967155456,0.6034562587738037,0.7977,0.7867
480,0.5659374845027924,0.5896329879760742,0.8047333333333333,0.7939,480,0.5644671058654785,0.5895390510559082,0.8054166666666667,0.7922,480,0.6027512311935425,0.6030511856079102,0.7975,0.7871
481,0.5655598545074463,0.589028537273407,0.8044166666666667,0.7942,481,0.564040060043335,0.5890762209892273,0.8056166666666666,0.7923,481,0.6043862104415894,0.6025670170783997,0.7976666666666666,0.7871
482,0.5651010191440582,0.5886678099632263,0.8046333333333333,0.7947,482,0.5635701620578766,0.5886815786361694,0.8056,0.792,482,0.6030472302436829,0.6021928787231445,0.79885,0.7867
483,0.5646685779094696,0.5883536338806152,0.8050666666666667,0.7946,483,0.5631100177764893,0.5882834792137146,0.80615,0.7927,483,0.6021523535251617,0.6017260551452637,0.7984833333333333,0.7874
484,0.564213045835495,0.5877689719200134,0.8048666666666666,0.7955,484,0.5626829671859741,0.587868332862854,0.8062166666666667,0.7926,484,0.6026383149623871,0.6013236045837402,0.7983666666666667,0.7878
485,0.5638073515892029,0.5873973369598389,0.8051666666666667,0.7953,485,0.5622225201129913,0.5873987674713135,0.8061166666666667,0.7931,485,0.6026675140857697,0.6008766889572144,0.7984833333333333,0.7881
486,0.5633476912975312,0.5870673656463623,0.80525,0.7953,486,0.5617843091487884,0.587104320526123,0.8066,0.7936,486,0.6017591273784637,0.6005491614341736,0.7992,0.7877
487,0.5629495131969452,0.5867115259170532,0.8055666666666667,0.7954,487,0.5612857604026794,0.5870093107223511,0.8065333333333333,0.7924,487,0.5995460236072541,0.6000267863273621,0.7988833333333333,0.7881
488,0.562505134344101,0.5862064361572266,0.8057333333333333,0.7956,488,0.560880651473999,0.5862205624580383,0.8067666666666666,0.7927,488,0.599524974822998,0.5996683835983276,0.7995166666666667,0.7881
489,0.5620554935932159,0.585905134677887,0.8057166666666666,0.7953,489,0.5604702889919281,0.5858197808265686,0.8067333333333333,0.7937,489,0.5989345562458038,0.5993702411651611,0.8000166666666667,0.7882
490,0.5616843944787979,0.5854858756065369,0.8062,0.7957,490,0.5599842596054078,0.5854252576828003,0.80745,0.7943,490,0.5980494105815888,0.5989046692848206,0.8001333333333334,0.7887
491,0.5612528705596924,0.585006058216095,0.8059833333333334,0.7957,491,0.559616607427597,0.5849784016609192,0.8071333333333334,0.7931,491,0.600305608510971,0.5984591841697693,0.8000333333333334,0.789
492,0.5607860171794892,0.5846590995788574,0.8062833333333334,0.7959,492,0.5591270518302918,0.5845651030540466,0.8073666666666667,0.7938,492,0.5972996878623963,0.5980673432350159,0.7999333333333334,0.7894
493,0.5603616869449616,0.5841700434684753,0.80615,0.7961,493,0.5587007355690002,0.5842323899269104,0.8073833333333333,0.7938,493,0.5976946139335633,0.5976731777191162,0.7998,0.7895
494,0.5599982953071594,0.5838293433189392,0.8067833333333333,0.7959,494,0.5582720279693604,0.5839758515357971,0.8076166666666666,0.7932,494,0.5971661686897278,0.5971736907958984,0.8007333333333333,0.7885
495,0.5595679056644439,0.5834248065948486,0.80685,0.7963,495,0.5579343271255494,0.5836122632026672,0.8080166666666667,0.7939,495,0.5973366272449493,0.5968379974365234,0.8004666666666667,0.7897
496,0.5591223049163818,0.582965075969696,0.8069,0.7963,496,0.5574318933486938,0.5833386778831482,0.808,0.7938,496,0.5960773599147796,0.596348762512207,0.80045,0.7903
497,0.5587297415733338,0.5826327204704285,0.80695,0.7961,497,0.5569787728786468,0.5827284455299377,0.8081333333333334,0.7939,497,0.5952892637252808,0.59604811668396,0.8011833333333334,0.7901
498,0.5583120328187943,0.5823301076889038,0.8073833333333333,0.7968,498,0.5565588557720185,0.5825217366218567,0.8078666666666666,0.7935,498,0.5954604136943817,0.5956225395202637,0.8005166666666667,0.7907
499,0.5578981882333756,0.5818883776664734,0.80755,0.7971,499,0.5561436212062836,0.5817813277244568,0.8083666666666667,0.7941,499,0.5941265046596527,0.5952233672142029,0.8014333333333333,0.7903
500,0.5574786615371704,0.5815082788467407,0.8075833333333333,0.7971,500,0.5557864493131638,0.5814142823219299,0.8084666666666667,0.7947,500,0.5951744794845581,0.5947979688644409,0.80065,0.7913
